instruction,output,text
سنڌ جو گاديءَ وارو شهر ڪهڙو آهي؟,سنڌ جو گاديءَ وارو شهر ڪراچي آهي، جيڪو پاڪستان جو سڀ کان وڏو شهر پڻ آهي.,"<|im_start|>user
سنڌ جو گاديءَ وارو شهر ڪهڙو آهي؟<|im_end|>
<|im_start|>assistant
سنڌ جو گاديءَ وارو شهر ڪراچي آهي، جيڪو پاڪستان جو سڀ کان وڏو شهر پڻ آهي.<|im_end|>"
سنڌ پاڪستان جو ڪهڙو صوبو آهي؟,سنڌ پاڪستان جو ڏاکڻيون صوبو آهي، جيڪو بحيره عرب جي ڪناري تي واقع آهي.,"<|im_start|>user
سنڌ پاڪستان جو ڪهڙو صوبو آهي؟<|im_end|>
<|im_start|>assistant
سنڌ پاڪستان جو ڏاکڻيون صوبو آهي، جيڪو بحيره عرب جي ڪناري تي واقع آهي.<|im_end|>"
سنڌو درياهه ڪٿان نڪرندو آهي؟,سنڌو درياهه تبت جي مانسرور ڍنڍ کان ويجهو ڪيلاش پهاڙن مان نڪرندو آهي ۽ پاڪستان مان گذري بحيره عرب ۾ ڇوڙيندو آهي.,"<|im_start|>user
سنڌو درياهه ڪٿان نڪرندو آهي؟<|im_end|>
<|im_start|>assistant
سنڌو درياهه تبت جي مانسرور ڍنڍ کان ويجهو ڪيلاش پهاڙن مان نڪرندو آهي ۽ پاڪستان مان گذري بحيره عرب ۾ ڇوڙيندو آهي.<|im_end|>"
سنڌ جا مکيه شهر ڪهڙا آهن؟,سنڌ جا مکيه شهر ڪراچي، حيدرآباد، سکر، لاڙڪاڻو، ٺٽو، نوابشاهه، ميرپورخاص ۽ عمرڪوٽ آهن.,"<|im_start|>user
سنڌ جا مکيه شهر ڪهڙا آهن؟<|im_end|>
<|im_start|>assistant
سنڌ جا مکيه شهر ڪراچي، حيدرآباد، سکر، لاڙڪاڻو، ٺٽو، نوابشاهه، ميرپورخاص ۽ عمرڪوٽ آهن.<|im_end|>"
سنڌ جي اتر ۾ ڪهڙو صوبو آهي؟,سنڌ جي اتر ۾ پنجاب صوبو آهي.,"<|im_start|>user
سنڌ جي اتر ۾ ڪهڙو صوبو آهي؟<|im_end|>
<|im_start|>assistant
سنڌ جي اتر ۾ پنجاب صوبو آهي.<|im_end|>"
سنڌ جي اولهه ۾ ڪهڙو صوبو آهي؟,سنڌ جي اولهه ۾ بلوچستان صوبو آهي.,"<|im_start|>user
سنڌ جي اولهه ۾ ڪهڙو صوبو آهي؟<|im_end|>
<|im_start|>assistant
سنڌ جي اولهه ۾ بلوچستان صوبو آهي.<|im_end|>"
سنڌ جي اوڀر ۾ ڇا آهي؟,سنڌ جي اوڀر ۾ ڀارت جي رياست راجستهان آهي.,"<|im_start|>user
سنڌ جي اوڀر ۾ ڇا آهي؟<|im_end|>
<|im_start|>assistant
سنڌ جي اوڀر ۾ ڀارت جي رياست راجستهان آهي.<|im_end|>"
سنڌ جي ڏکڻ ۾ ڇا آهي؟,سنڌ جي ڏکڻ ۾ بحيره عرب آهي.,"<|im_start|>user
سنڌ جي ڏکڻ ۾ ڇا آهي؟<|im_end|>
<|im_start|>assistant
سنڌ جي ڏکڻ ۾ بحيره عرب آهي.<|im_end|>"
موهن جو دڙو ڪٿي واقع آهي؟,موهن جو دڙو سنڌ جي لاڙڪاڻي ضلعي ۾ واقع آهي، جيڪو وادي سنڌ جي تهذيب جو اهم مرڪز هو.,"<|im_start|>user
موهن جو دڙو ڪٿي واقع آهي؟<|im_end|>
<|im_start|>assistant
موهن جو دڙو سنڌ جي لاڙڪاڻي ضلعي ۾ واقع آهي، جيڪو وادي سنڌ جي تهذيب جو اهم مرڪز هو.<|im_end|>"
ڪوٽ ڏيجي قلعو ڪٿي واقع آهي؟,ڪوٽ ڏيجي قلعو سنڌ جي خيرپور ضلعي ۾ واقع آهي، جيڪو 1783ع ۾ تعمير ڪيو ويو.,"<|im_start|>user
ڪوٽ ڏيجي قلعو ڪٿي واقع آهي؟<|im_end|>
<|im_start|>assistant
ڪوٽ ڏيجي قلعو سنڌ جي خيرپور ضلعي ۾ واقع آهي، جيڪو 1783ع ۾ تعمير ڪيو ويو.<|im_end|>"
سنڌ ۾ ڪيترا ضلعا آهن؟,سنڌ ۾ 30 ضلعا آهن.,"<|im_start|>user
سنڌ ۾ ڪيترا ضلعا آهن؟<|im_end|>
<|im_start|>assistant
سنڌ ۾ 30 ضلعا آهن.<|im_end|>"
حيدرآباد ڪٿي آهي؟,حيدرآباد سنڌ جو ٻيو وڏو شهر آهي، جيڪو ڪراچي کان اٽڪل 160 ڪلوميٽر اتر ۾ سنڌو درياهه جي ڪناري تي واقع آهي.,"<|im_start|>user
حيدرآباد ڪٿي آهي؟<|im_end|>
<|im_start|>assistant
حيدرآباد سنڌ جو ٻيو وڏو شهر آهي، جيڪو ڪراچي کان اٽڪل 160 ڪلوميٽر اتر ۾ سنڌو درياهه جي ڪناري تي واقع آهي.<|im_end|>"
ٺٽو شهر مشهور ڇو آهي؟,ٺٽو شهر سنڌ جي تاريخي شهرن مان هڪ آهي، جيڪو مغل دور ۾ تجارت ۽ علم جو مرڪز هو. هتي شاهه جهان مسجد ۽ مڪلي قبرستان مشهور آهن.,"<|im_start|>user
ٺٽو شهر مشهور ڇو آهي؟<|im_end|>
<|im_start|>assistant
ٺٽو شهر سنڌ جي تاريخي شهرن مان هڪ آهي، جيڪو مغل دور ۾ تجارت ۽ علم جو مرڪز هو. هتي شاهه جهان مسجد ۽ مڪلي قبرستان مشهور آهن.<|im_end|>"
مڪلي قبرستان ڪٿي آهي ۽ ڇو مشهور آهي؟,مڪلي قبرستان ٺٽي ۾ آهي. اهو دنيا جي سڀ کان وڏن قبرستانن مان هڪ آهي ۽ يونيسڪو جي عالمي ثقافتي ورثي جي فهرست ۾ شامل آهي.,"<|im_start|>user
مڪلي قبرستان ڪٿي آهي ۽ ڇو مشهور آهي؟<|im_end|>
<|im_start|>assistant
مڪلي قبرستان ٺٽي ۾ آهي. اهو دنيا جي سڀ کان وڏن قبرستانن مان هڪ آهي ۽ يونيسڪو جي عالمي ثقافتي ورثي جي فهرست ۾ شامل آهي.<|im_end|>"
سکر بيراج ڪٿي آهي؟,سکر بيراج سنڌ جي سکر شهر وٽ سنڌو درياهه تي آهي. اهو 1932ع ۾ تعمير ڪيو ويو ۽ دنيا جي وڏن آبپاشي منصوبن مان هڪ آهي.,"<|im_start|>user
سکر بيراج ڪٿي آهي؟<|im_end|>
<|im_start|>assistant
سکر بيراج سنڌ جي سکر شهر وٽ سنڌو درياهه تي آهي. اهو 1932ع ۾ تعمير ڪيو ويو ۽ دنيا جي وڏن آبپاشي منصوبن مان هڪ آهي.<|im_end|>"
پاڪستان ڪڏهن آزاد ٿيو؟,پاڪستان 14 آگسٽ 1947ع تي برطانوي حڪومت کان آزاد ٿيو.,"<|im_start|>user
پاڪستان ڪڏهن آزاد ٿيو؟<|im_end|>
<|im_start|>assistant
پاڪستان 14 آگسٽ 1947ع تي برطانوي حڪومت کان آزاد ٿيو.<|im_end|>"
پاڪستان جو باني ڪير هو؟,پاڪستان جو باني قائداعظم محمد علي جناح هو، جنهن کي بابائے قوم پڻ چيو وڃي ٿو.,"<|im_start|>user
پاڪستان جو باني ڪير هو؟<|im_end|>
<|im_start|>assistant
پاڪستان جو باني قائداعظم محمد علي جناح هو، جنهن کي بابائے قوم پڻ چيو وڃي ٿو.<|im_end|>"
سنڌ تي عربن جو قبضو ڪڏهن ٿيو؟,سنڌ تي عربن جو قبضو 712ع ۾ محمد بن قاسم جي قيادت ۾ ٿيو.,"<|im_start|>user
سنڌ تي عربن جو قبضو ڪڏهن ٿيو؟<|im_end|>
<|im_start|>assistant
سنڌ تي عربن جو قبضو 712ع ۾ محمد بن قاسم جي قيادت ۾ ٿيو.<|im_end|>"
تالپر حڪمران سنڌ تي ڪڏهن حڪومت ڪيائون؟,تالپر حڪمران 1783ع کان 1843ع تائين سنڌ تي حڪومت ڪيائون.,"<|im_start|>user
تالپر حڪمران سنڌ تي ڪڏهن حڪومت ڪيائون؟<|im_end|>
<|im_start|>assistant
تالپر حڪمران 1783ع کان 1843ع تائين سنڌ تي حڪومت ڪيائون.<|im_end|>"
انگريزن سنڌ تي ڪڏهن قبضو ڪيو؟,انگريزن 1843ع ۾ ميياڻي جي جنگ کان پوءِ سنڌ تي قبضو ڪيو.,"<|im_start|>user
انگريزن سنڌ تي ڪڏهن قبضو ڪيو؟<|im_end|>
<|im_start|>assistant
انگريزن 1843ع ۾ ميياڻي جي جنگ کان پوءِ سنڌ تي قبضو ڪيو.<|im_end|>"
وادي سنڌ جي تهذيب ڪيتري پراڻي آهي؟,وادي سنڌ جي تهذيب اٽڪل 5000 سال پراڻي آهي، جيڪا 3300 ق م کان 1300 ق م تائين پکڙيل هئي.,"<|im_start|>user
وادي سنڌ جي تهذيب ڪيتري پراڻي آهي؟<|im_end|>
<|im_start|>assistant
وادي سنڌ جي تهذيب اٽڪل 5000 سال پراڻي آهي، جيڪا 3300 ق م کان 1300 ق م تائين پکڙيل هئي.<|im_end|>"
موهن جو دڙو جو مطلب ڇا آهي؟,موهن جو دڙو جو مطلب آهي مئلن جو ٽڪرو يا مردن جو دڙو. اهو وادي سنڌ جي تهذيب جو سڀ کان وڏو شهر هو.,"<|im_start|>user
موهن جو دڙو جو مطلب ڇا آهي؟<|im_end|>
<|im_start|>assistant
موهن جو دڙو جو مطلب آهي مئلن جو ٽڪرو يا مردن جو دڙو. اهو وادي سنڌ جي تهذيب جو سڀ کان وڏو شهر هو.<|im_end|>"
سنڌ ۾ ٽالپرن کان اڳ ڪنهن حڪومت ڪئي؟,ٽالپرن کان اڳ سنڌ ۾ ڪلهوڙن جي حڪومت هئي، جن 1701ع کان 1783ع تائين سنڌ تي راڄ ڪيو.,"<|im_start|>user
سنڌ ۾ ٽالپرن کان اڳ ڪنهن حڪومت ڪئي؟<|im_end|>
<|im_start|>assistant
ٽالپرن کان اڳ سنڌ ۾ ڪلهوڙن جي حڪومت هئي، جن 1701ع کان 1783ع تائين سنڌ تي راڄ ڪيو.<|im_end|>"
سنڌ جو پهريون عالمي ثقافتي ورثو ڪهڙو آهي؟,موهن جو دڙو سنڌ جو پهريون يونيسڪو عالمي ثقافتي ورثو آهي، جيڪو 1980ع ۾ هن فهرست ۾ شامل ڪيو ويو.,"<|im_start|>user
سنڌ جو پهريون عالمي ثقافتي ورثو ڪهڙو آهي؟<|im_end|>
<|im_start|>assistant
موهن جو دڙو سنڌ جو پهريون يونيسڪو عالمي ثقافتي ورثو آهي، جيڪو 1980ع ۾ هن فهرست ۾ شامل ڪيو ويو.<|im_end|>"
سنڌي ٻوليءَ ۾ ڪيترا اکر آهن؟,سنڌي ٻوليءَ ۾ 52 اکر آهن، جيڪا دنيا جي انهن ٻولين مان هڪ آهي جن جو الفابيٽ سڀ کان وڌيڪ آهي.,"<|im_start|>user
سنڌي ٻوليءَ ۾ ڪيترا اکر آهن؟<|im_end|>
<|im_start|>assistant
سنڌي ٻوليءَ ۾ 52 اکر آهن، جيڪا دنيا جي انهن ٻولين مان هڪ آهي جن جو الفابيٽ سڀ کان وڌيڪ آهي.<|im_end|>"
سنڌي ٻولي ڪهڙي رسم الخط ۾ لکبي آهي؟,سنڌي ٻولي فارسي-عربي رسم الخط ۾ لکبي آهي، جيڪو ساڄي کان کاٻي طرف لکجي ٿو.,"<|im_start|>user
سنڌي ٻولي ڪهڙي رسم الخط ۾ لکبي آهي؟<|im_end|>
<|im_start|>assistant
سنڌي ٻولي فارسي-عربي رسم الخط ۾ لکبي آهي، جيڪو ساڄي کان کاٻي طرف لکجي ٿو.<|im_end|>"
سنڌي ٻولي ڪيتري پراڻي آهي؟,سنڌي ٻولي دنيا جي قديم ٻولين مان هڪ آهي، جنهن جي تاريخ گهٽ ۾ گهٽ 2500 سال آهي.,"<|im_start|>user
سنڌي ٻولي ڪيتري پراڻي آهي؟<|im_end|>
<|im_start|>assistant
سنڌي ٻولي دنيا جي قديم ٻولين مان هڪ آهي، جنهن جي تاريخ گهٽ ۾ گهٽ 2500 سال آهي.<|im_end|>"
سنڌي ٻولي ڪيترن ماڻهن ڳالهائيندا آهن؟,دنيا ۾ اٽڪل 4 کان 5 ڪروڙ ماڻهو سنڌي ٻولي ڳالهائيندا آهن.,"<|im_start|>user
سنڌي ٻولي ڪيترن ماڻهن ڳالهائيندا آهن؟<|im_end|>
<|im_start|>assistant
دنيا ۾ اٽڪل 4 کان 5 ڪروڙ ماڻهو سنڌي ٻولي ڳالهائيندا آهن.<|im_end|>"
سنڌي ٻولي پاڪستان ۾ ڪهڙي درجي جي ٻولي آهي؟,سنڌي پاڪستان جي صوبي سنڌ جي سرڪاري ٻولي آهي.,"<|im_start|>user
سنڌي ٻولي پاڪستان ۾ ڪهڙي درجي جي ٻولي آهي؟<|im_end|>
<|im_start|>assistant
سنڌي پاڪستان جي صوبي سنڌ جي سرڪاري ٻولي آهي.<|im_end|>"
سنڌي ٻولي ڀارت ۾ ڪٿي ڳالهائي وڃي ٿي؟,سنڌي ٻولي ڀارت ۾ سنڌي برادري ڳالهائيندي آهي، خاص طور تي راجستهان، گجرات ۽ مهاراشٽرا ۾. سنڌي ڀارت جي 22 سرڪاري ٻولين مان هڪ آهي.,"<|im_start|>user
سنڌي ٻولي ڀارت ۾ ڪٿي ڳالهائي وڃي ٿي؟<|im_end|>
<|im_start|>assistant
سنڌي ٻولي ڀارت ۾ سنڌي برادري ڳالهائيندي آهي، خاص طور تي راجستهان، گجرات ۽ مهاراشٽرا ۾. سنڌي ڀارت جي 22 سرڪاري ٻولين مان هڪ آهي.<|im_end|>"
سنڌي جا ڪيترا لهجا آهن؟,سنڌي ٻولي جا ڪيترائي لهجا آهن، جن ۾ وچولي سنڌي، لاڙي، ٿري، ڪڇي ۽ لسي مکيه آهن.,"<|im_start|>user
سنڌي جا ڪيترا لهجا آهن؟<|im_end|>
<|im_start|>assistant
سنڌي ٻولي جا ڪيترائي لهجا آهن، جن ۾ وچولي سنڌي، لاڙي، ٿري، ڪڇي ۽ لسي مکيه آهن.<|im_end|>"
شاهه عبداللطيف ڀٽائي ڪير هو؟,شاهه عبداللطيف ڀٽائي (1689-1752ع) سنڌ جو سڀ کان وڏو شاعر هو. هن شاهه جو رسالو لکيو، جيڪو سنڌي ادب جو اهم ترين ڪتاب آهي.,"<|im_start|>user
شاهه عبداللطيف ڀٽائي ڪير هو؟<|im_end|>
<|im_start|>assistant
شاهه عبداللطيف ڀٽائي (1689-1752ع) سنڌ جو سڀ کان وڏو شاعر هو. هن شاهه جو رسالو لکيو، جيڪو سنڌي ادب جو اهم ترين ڪتاب آهي.<|im_end|>"
شاهه جو رسالو ڇا آهي؟,شاهه جو رسالو شاهه عبداللطيف ڀٽائي جي شاعري جو مجموعو آهي، جنهن ۾ 30 سر (ابواب) آهن. اهو سنڌي ادب جو اعليٰ ترين نثر آهي.,"<|im_start|>user
شاهه جو رسالو ڇا آهي؟<|im_end|>
<|im_start|>assistant
شاهه جو رسالو شاهه عبداللطيف ڀٽائي جي شاعري جو مجموعو آهي، جنهن ۾ 30 سر (ابواب) آهن. اهو سنڌي ادب جو اعليٰ ترين نثر آهي.<|im_end|>"
سچل سرمست ڪير هو؟,سچل سرمست (1739-1827ع) سنڌ جو مشهور صوفي شاعر هو، جيڪو سنڌي، سرائيڪي، اردو ۽ فارسي ۾ شاعري ڪيائين.,"<|im_start|>user
سچل سرمست ڪير هو؟<|im_end|>
<|im_start|>assistant
سچل سرمست (1739-1827ع) سنڌ جو مشهور صوفي شاعر هو، جيڪو سنڌي، سرائيڪي، اردو ۽ فارسي ۾ شاعري ڪيائين.<|im_end|>"
سامي ڪير هو؟,سامي (1743-1850ع) سنڌ جو هڪ اهم صوفي شاعر هو، جنهن جي شاعري ۾ روحانيت ۽ محبت جا موضوع آهن.,"<|im_start|>user
سامي ڪير هو؟<|im_end|>
<|im_start|>assistant
سامي (1743-1850ع) سنڌ جو هڪ اهم صوفي شاعر هو، جنهن جي شاعري ۾ روحانيت ۽ محبت جا موضوع آهن.<|im_end|>"
سنڌي ادب جا ٽي وڏا شاعر ڪير آهن؟,سنڌي ادب جا ٽي وڏا شاعر شاهه عبداللطيف ڀٽائي، سچل سرمست ۽ سامي آهن، جن کي گڏ ڪري سنڌي ٻوليءَ جا ٽي ستارا چيو وڃي ٿو.,"<|im_start|>user
سنڌي ادب جا ٽي وڏا شاعر ڪير آهن؟<|im_end|>
<|im_start|>assistant
سنڌي ادب جا ٽي وڏا شاعر شاهه عبداللطيف ڀٽائي، سچل سرمست ۽ سامي آهن، جن کي گڏ ڪري سنڌي ٻوليءَ جا ٽي ستارا چيو وڃي ٿو.<|im_end|>"
خليفو نبي بخش ڇا مشهور آهي؟,خليفو نبي بخش مشهور سنڌي سريلو ۽ ڪلاسيڪل موسيقار هو، جنهن شاهه جي ڀيٽ ۽ صوفي ڪلام کي مشهور ڪيو.,"<|im_start|>user
خليفو نبي بخش ڇا مشهور آهي؟<|im_end|>
<|im_start|>assistant
خليفو نبي بخش مشهور سنڌي سريلو ۽ ڪلاسيڪل موسيقار هو، جنهن شاهه جي ڀيٽ ۽ صوفي ڪلام کي مشهور ڪيو.<|im_end|>"
ميرزا قليچ بيگ ڪير هو؟,ميرزا قليچ بيگ (1853-1929ع) سنڌي ادب جو باني سمجهيو وڃي ٿو. هن سنڌي ناول، ڊرامو ۽ ترجمي جو ڪم ڪيو.,"<|im_start|>user
ميرزا قليچ بيگ ڪير هو؟<|im_end|>
<|im_start|>assistant
ميرزا قليچ بيگ (1853-1929ع) سنڌي ادب جو باني سمجهيو وڃي ٿو. هن سنڌي ناول، ڊرامو ۽ ترجمي جو ڪم ڪيو.<|im_end|>"
جامي چانڊيو ڪير هو؟,جامي چانڊيو سنڌ جو مشهور ادبي شخصيت ۽ سنڌ جي حقن جو ڏاهو آواز هو.,"<|im_start|>user
جامي چانڊيو ڪير هو؟<|im_end|>
<|im_start|>assistant
جامي چانڊيو سنڌ جو مشهور ادبي شخصيت ۽ سنڌ جي حقن جو ڏاهو آواز هو.<|im_end|>"
رسالو ڪنهن لکيو؟,رسالو شاهه عبداللطيف ڀٽائي لکيو. اهو سنڌي شاعري جو سڀ کان اهم مجموعو آهي.,"<|im_start|>user
رسالو ڪنهن لکيو؟<|im_end|>
<|im_start|>assistant
رسالو شاهه عبداللطيف ڀٽائي لکيو. اهو سنڌي شاعري جو سڀ کان اهم مجموعو آهي.<|im_end|>"
عمر مارئي جي ڪهاڻي ڇا آهي؟,عمر مارئي سنڌ جي مشهور لوڪ ڪهاڻي آهي. مارئي هڪ ٻهراڙي جي ڇوڪري هئي جيڪا عمر سومري جي قيد ۾ هئڻ باوجود پنهنجي وطن ۽ پنهنجن ماڻهن سان محبت رکيائين.,"<|im_start|>user
عمر مارئي جي ڪهاڻي ڇا آهي؟<|im_end|>
<|im_start|>assistant
عمر مارئي سنڌ جي مشهور لوڪ ڪهاڻي آهي. مارئي هڪ ٻهراڙي جي ڇوڪري هئي جيڪا عمر سومري جي قيد ۾ هئڻ باوجود پنهنجي وطن ۽ پنهنجن ماڻهن سان محبت رکيائين.<|im_end|>"
سنڌ جو مشهور لباس ڪهڙو آهي؟,سنڌ جو مشهور لباس اجرڪ آهي، جيڪو هٿ سان رنگيل ڪپڙو آهي ۽ سنڌي ثقافت جي نشاني آهي. ان سان گڏ سنڌي ٽوپي پڻ مشهور آهي.,"<|im_start|>user
سنڌ جو مشهور لباس ڪهڙو آهي؟<|im_end|>
<|im_start|>assistant
سنڌ جو مشهور لباس اجرڪ آهي، جيڪو هٿ سان رنگيل ڪپڙو آهي ۽ سنڌي ثقافت جي نشاني آهي. ان سان گڏ سنڌي ٽوپي پڻ مشهور آهي.<|im_end|>"
اجرڪ ڇا آهي؟,اجرڪ سنڌ جو روايتي ڪپڙو آهي، جيڪو نيري ۽ ڳاڙهي رنگ ۾ هوندو آهي ۽ هٿ سان بلاڪ پرنٽ ذريعي تيار ڪيو ويندو آهي. اهو سنڌي ثقافت جو اهم حصو آهي.,"<|im_start|>user
اجرڪ ڇا آهي؟<|im_end|>
<|im_start|>assistant
اجرڪ سنڌ جو روايتي ڪپڙو آهي، جيڪو نيري ۽ ڳاڙهي رنگ ۾ هوندو آهي ۽ هٿ سان بلاڪ پرنٽ ذريعي تيار ڪيو ويندو آهي. اهو سنڌي ثقافت جو اهم حصو آهي.<|im_end|>"
سنڌ جو مشهور تهوار ڪهڙو آهي؟,سنڌ ۾ ڪيترائي مشهور تهوار آهن، جن ۾ عيد الفطر، عيد الاضحيٰ، شاهه عبداللطيف ڀٽائي جو عرس ۽ هوليءَ جو تهوار (هندو سنڌين ۾) مشهور آهن.,"<|im_start|>user
سنڌ جو مشهور تهوار ڪهڙو آهي؟<|im_end|>
<|im_start|>assistant
سنڌ ۾ ڪيترائي مشهور تهوار آهن، جن ۾ عيد الفطر، عيد الاضحيٰ، شاهه عبداللطيف ڀٽائي جو عرس ۽ هوليءَ جو تهوار (هندو سنڌين ۾) مشهور آهن.<|im_end|>"
سنڌ جو مشهور کاڌو ڪهڙو آهي؟,سنڌ جا مشهور کاڌا سيوين، ڪڙهي، ڀوڄائيندڙ، ڪوفتو، سنڌي بريانيءَ ۽ مڇي آهن.,"<|im_start|>user
سنڌ جو مشهور کاڌو ڪهڙو آهي؟<|im_end|>
<|im_start|>assistant
سنڌ جا مشهور کاڌا سيوين، ڪڙهي، ڀوڄائيندڙ، ڪوفتو، سنڌي بريانيءَ ۽ مڇي آهن.<|im_end|>"
سنڌي ٽوپي ڪيئن هوندي آهي؟,سنڌي ٽوپي ڪڍاءِ واري ٽوپي هوندي آهي جيڪا رنگين دٻن سان ڀرپور هوندي آهي. اهو سنڌي مردن جو روايتي پوشاڪ آهي.,"<|im_start|>user
سنڌي ٽوپي ڪيئن هوندي آهي؟<|im_end|>
<|im_start|>assistant
سنڌي ٽوپي ڪڍاءِ واري ٽوپي هوندي آهي جيڪا رنگين دٻن سان ڀرپور هوندي آهي. اهو سنڌي مردن جو روايتي پوشاڪ آهي.<|im_end|>"
سنڌ جو قومي جانور ڪهڙو آهي؟,سنڌ جو قومي جانور مارخور آهي.,"<|im_start|>user
سنڌ جو قومي جانور ڪهڙو آهي؟<|im_end|>
<|im_start|>assistant
سنڌ جو قومي جانور مارخور آهي.<|im_end|>"
سنڌ جي ثقافت ۾ ڪهڙا رقص مشهور آهن؟,سنڌ ۾ هو جمالو، ڍولڪ تي ناچ ۽ ڀڄن مشهور آهن. هو جمالو سنڌ جو مشهور لوڪ رقص آهي.,"<|im_start|>user
سنڌ جي ثقافت ۾ ڪهڙا رقص مشهور آهن؟<|im_end|>
<|im_start|>assistant
سنڌ ۾ هو جمالو، ڍولڪ تي ناچ ۽ ڀڄن مشهور آهن. هو جمالو سنڌ جو مشهور لوڪ رقص آهي.<|im_end|>"
سنڌ ۾ ڪهڙون درياهون آهن؟,سنڌ ۾ مکيه درياهه سنڌو آهي. ان کان علاوه نارو، گنجو ٽڪر ۽ ڪيترائي نهرون پڻ آهن.,"<|im_start|>user
سنڌ ۾ ڪهڙون درياهون آهن؟<|im_end|>
<|im_start|>assistant
سنڌ ۾ مکيه درياهه سنڌو آهي. ان کان علاوه نارو، گنجو ٽڪر ۽ ڪيترائي نهرون پڻ آهن.<|im_end|>"
قائداعظم محمد علي جناح ڪٿي پيدا ٿيو؟,قائداعظم محمد علي جناح 25 ڊسمبر 1876ع تي ڪراچي ۾ پيدا ٿيو.,"<|im_start|>user
قائداعظم محمد علي جناح ڪٿي پيدا ٿيو؟<|im_end|>
<|im_start|>assistant
قائداعظم محمد علي جناح 25 ڊسمبر 1876ع تي ڪراچي ۾ پيدا ٿيو.<|im_end|>"
بينظير ڀٽو ڪير هئي؟,بينظير ڀٽو پاڪستان جي پهرين خاتون وزيراعظم هئي. هوءَ سنڌ جي لاڙڪاڻي ضلعي مان تعلق رکندي هئي.,"<|im_start|>user
بينظير ڀٽو ڪير هئي؟<|im_end|>
<|im_start|>assistant
بينظير ڀٽو پاڪستان جي پهرين خاتون وزيراعظم هئي. هوءَ سنڌ جي لاڙڪاڻي ضلعي مان تعلق رکندي هئي.<|im_end|>"
ذوالفقار علي ڀٽو ڪير هو؟,ذوالفقار علي ڀٽو پاڪستان جو سابق وزيراعظم ۽ صدر هو. هو پاڪستان پيپلز پارٽي جو باني هو ۽ سنڌ جي لاڙڪاڻي ضلعي مان تعلق رکيائين.,"<|im_start|>user
ذوالفقار علي ڀٽو ڪير هو؟<|im_end|>
<|im_start|>assistant
ذوالفقار علي ڀٽو پاڪستان جو سابق وزيراعظم ۽ صدر هو. هو پاڪستان پيپلز پارٽي جو باني هو ۽ سنڌ جي لاڙڪاڻي ضلعي مان تعلق رکيائين.<|im_end|>"
ادا محمد ڪارو ڪير هو؟,ادا محمد ڪارو سنڌ جو مشهور شاعر ۽ ادبي شخصيت هو.,"<|im_start|>user
ادا محمد ڪارو ڪير هو؟<|im_end|>
<|im_start|>assistant
ادا محمد ڪارو سنڌ جو مشهور شاعر ۽ ادبي شخصيت هو.<|im_end|>"
رشيد ڀٽي ڪير هو؟,رشيد ڀٽي سنڌ جو مشهور ادبي شخصيت ۽ سنڌي ادب جو اهم ليکڪ هو.,"<|im_start|>user
رشيد ڀٽي ڪير هو؟<|im_end|>
<|im_start|>assistant
رشيد ڀٽي سنڌ جو مشهور ادبي شخصيت ۽ سنڌي ادب جو اهم ليکڪ هو.<|im_end|>"
سنڌ جي مشهور يونيورسٽيون ڪهڙيون آهن؟,سنڌ جون مشهور يونيورسٽيون جامشوري جي سنڌ يونيورسٽي، مهران يونيورسٽي آف انجنيئرنگ ۽ ٽيڪنالاجي، ليياقت يونيورسٽي آف ميڊيڪل ۽ هيلٿ سائنسز ۽ ڪراچي يونيورسٽي آهن.,"<|im_start|>user
سنڌ جي مشهور يونيورسٽيون ڪهڙيون آهن؟<|im_end|>
<|im_start|>assistant
سنڌ جون مشهور يونيورسٽيون جامشوري جي سنڌ يونيورسٽي، مهران يونيورسٽي آف انجنيئرنگ ۽ ٽيڪنالاجي، ليياقت يونيورسٽي آف ميڊيڪل ۽ هيلٿ سائنسز ۽ ڪراچي يونيورسٽي آهن.<|im_end|>"
سنڌ يونيورسٽي ڪٿي آهي؟,سنڌ يونيورسٽي جامشوري ۾ آهي، جيڪو حيدرآباد کان ويجهو آهي. اها 1947ع ۾ قائم ٿي.,"<|im_start|>user
سنڌ يونيورسٽي ڪٿي آهي؟<|im_end|>
<|im_start|>assistant
سنڌ يونيورسٽي جامشوري ۾ آهي، جيڪو حيدرآباد کان ويجهو آهي. اها 1947ع ۾ قائم ٿي.<|im_end|>"
پاڪستان ۾ ڪيترا صوبا آهن؟,پاڪستان ۾ چار صوبا آهن: پنجاب، سنڌ، خيبر پختونخوا ۽ بلوچستان. ان کان علاوه آزاد ڪشمير ۽ گلگت بلتستان خود مختار علائقا آهن.,"<|im_start|>user
پاڪستان ۾ ڪيترا صوبا آهن؟<|im_end|>
<|im_start|>assistant
پاڪستان ۾ چار صوبا آهن: پنجاب، سنڌ، خيبر پختونخوا ۽ بلوچستان. ان کان علاوه آزاد ڪشمير ۽ گلگت بلتستان خود مختار علائقا آهن.<|im_end|>"
اسلام جا پنج ستون ڪهڙا آهن؟,اسلام جا پنج ستون هي آهن: 1. ڪلمو (توحيد)، 2. نماز، 3. زڪوٰة، 4. روزو، 5. حج.,"<|im_start|>user
اسلام جا پنج ستون ڪهڙا آهن؟<|im_end|>
<|im_start|>assistant
اسلام جا پنج ستون هي آهن: 1. ڪلمو (توحيد)، 2. نماز، 3. زڪوٰة، 4. روزو، 5. حج.<|im_end|>"
پاڪستان جو قومي ترانو ڪنهن لکيو؟,پاڪستان جو قومي ترانو حفيظ جالندهري لکيو ۽ اهمد گلامي احمد چاگلا ڌن ترتيب ڏني.,"<|im_start|>user
پاڪستان جو قومي ترانو ڪنهن لکيو؟<|im_end|>
<|im_start|>assistant
پاڪستان جو قومي ترانو حفيظ جالندهري لکيو ۽ اهمد گلامي احمد چاگلا ڌن ترتيب ڏني.<|im_end|>"
پاڪستان جو قومي جانور ڪهڙو آهي؟,پاڪستان جو قومي جانور مارخور آهي.,"<|im_start|>user
پاڪستان جو قومي جانور ڪهڙو آهي؟<|im_end|>
<|im_start|>assistant
پاڪستان جو قومي جانور مارخور آهي.<|im_end|>"
پاڪستان جو قومي گل ڪهڙو آهي؟,پاڪستان جو قومي گل چنبيلي آهي.,"<|im_start|>user
پاڪستان جو قومي گل ڪهڙو آهي؟<|im_end|>
<|im_start|>assistant
پاڪستان جو قومي گل چنبيلي آهي.<|im_end|>"
پاڪستان جو قومي کيل ڪهڙو آهي؟,پاڪستان جو قومي کيل هاڪي آهي.,"<|im_start|>user
پاڪستان جو قومي کيل ڪهڙو آهي؟<|im_end|>
<|im_start|>assistant
پاڪستان جو قومي کيل هاڪي آهي.<|im_end|>"
سنڌو درياهه ڪيترو ڊگهو آهي؟,سنڌو درياهه اٽڪل 3180 ڪلوميٽر ڊگهو آهي، جيڪو ايشيا جي ڊگهن درياهن مان هڪ آهي.,"<|im_start|>user
سنڌو درياهه ڪيترو ڊگهو آهي؟<|im_end|>
<|im_start|>assistant
سنڌو درياهه اٽڪل 3180 ڪلوميٽر ڊگهو آهي، جيڪو ايشيا جي ڊگهن درياهن مان هڪ آهي.<|im_end|>"
ڪراچي ڇو مشهور آهي؟,ڪراچي پاڪستان جو سڀ کان وڏو شهر ۽ اقتصادي گاديءَ وارو هنڌ آهي. اهو پاڪستان جو مکيه بندرگاهه پڻ آهي ۽ ملڪ جي جي ڊي پي ۾ وڏو حصو وجهي ٿو.,"<|im_start|>user
ڪراچي ڇو مشهور آهي؟<|im_end|>
<|im_start|>assistant
ڪراچي پاڪستان جو سڀ کان وڏو شهر ۽ اقتصادي گاديءَ وارو هنڌ آهي. اهو پاڪستان جو مکيه بندرگاهه پڻ آهي ۽ ملڪ جي جي ڊي پي ۾ وڏو حصو وجهي ٿو.<|im_end|>"
سنڌ جي معيشت جو مکيه ذريعو ڇا آهي؟,سنڌ جي معيشت جو مکيه ذريعو زراعت آهي. گندم، ڪپهه، چانور، گنهه ۽ ڪيلو سنڌ جون مکيه فصلون آهن. ان کان علاوه ڪراچي جي صنعت پڻ اهم آهي.,"<|im_start|>user
سنڌ جي معيشت جو مکيه ذريعو ڇا آهي؟<|im_end|>
<|im_start|>assistant
سنڌ جي معيشت جو مکيه ذريعو زراعت آهي. گندم، ڪپهه، چانور، گنهه ۽ ڪيلو سنڌ جون مکيه فصلون آهن. ان کان علاوه ڪراچي جي صنعت پڻ اهم آهي.<|im_end|>"
سنڌ ۾ ڪهڙيون قديم تهذيبون آباد هيون؟,سنڌ ۾ وادي سنڌ جي تهذيب آباد هئي، جيڪا 3300-1300 ق م تائين پکڙيل هئي. موهن جو دڙو ۽ هڙپا ان جا اهم مرڪز هئا.,"<|im_start|>user
سنڌ ۾ ڪهڙيون قديم تهذيبون آباد هيون؟<|im_end|>
<|im_start|>assistant
سنڌ ۾ وادي سنڌ جي تهذيب آباد هئي، جيڪا 3300-1300 ق م تائين پکڙيل هئي. موهن جو دڙو ۽ هڙپا ان جا اهم مرڪز هئا.<|im_end|>"
سنڌي ڪهاڻين ۾ ڪهڙيون مشهور جوڙيون آهن؟,سنڌي ادب ۾ مشهور جوڙيون: عمر-مارئي، سسئي-پنهوٺ، سوهڻي-ميهار، ليلا-چنيسر ۽ نوري-جام تماچي آهن.,"<|im_start|>user
سنڌي ڪهاڻين ۾ ڪهڙيون مشهور جوڙيون آهن؟<|im_end|>
<|im_start|>assistant
سنڌي ادب ۾ مشهور جوڙيون: عمر-مارئي، سسئي-پنهوٺ، سوهڻي-ميهار، ليلا-چنيسر ۽ نوري-جام تماچي آهن.<|im_end|>"
سسئي پنهوٺ جي ڪهاڻي ڇا آهي؟,سسئي پنهوٺ سنڌ جي مشهور محبت جي ڪهاڻي آهي. سسئي ڀنڀور جي هڪ دهوٻي جي ڌيءَ هئي جنهن پنهوٺ سان محبت ڪيائين. پنهوٺ جي ڀائرن هن کي کڻي ويا ۽ سسئي پيرين پيادي کيس ڳولهڻ نڪتي ۽ رستي ۾ مري وئي.,"<|im_start|>user
سسئي پنهوٺ جي ڪهاڻي ڇا آهي؟<|im_end|>
<|im_start|>assistant
سسئي پنهوٺ سنڌ جي مشهور محبت جي ڪهاڻي آهي. سسئي ڀنڀور جي هڪ دهوٻي جي ڌيءَ هئي جنهن پنهوٺ سان محبت ڪيائين. پنهوٺ جي ڀائرن هن کي کڻي ويا ۽ سسئي پيرين پيادي کيس ڳولهڻ نڪتي ۽ رستي ۾ مري وئي.<|im_end|>"
اردو ٻولي ڪٿان آئي؟,اردو ٻولي برصغير ۾ مختلف ٻولين، خاص طور تي فارسي، عربي، ترڪي ۽ هندي جي ميل مان ترقي ڪيائين. اهو مغل دور ۾ لشڪري ٻولي هئي.,"<|im_start|>user
اردو ٻولي ڪٿان آئي؟<|im_end|>
<|im_start|>assistant
اردو ٻولي برصغير ۾ مختلف ٻولين، خاص طور تي فارسي، عربي، ترڪي ۽ هندي جي ميل مان ترقي ڪيائين. اهو مغل دور ۾ لشڪري ٻولي هئي.<|im_end|>"
پاڪستان جي سرڪاري ٻولي ڪهڙي آهي؟,پاڪستان جي سرڪاري ٻولي اردو آهي، جيتوڻيڪ انگريزي پڻ سرڪاري ڪمن ۾ استعمال ٿيندي آهي.,"<|im_start|>user
پاڪستان جي سرڪاري ٻولي ڪهڙي آهي؟<|im_end|>
<|im_start|>assistant
پاڪستان جي سرڪاري ٻولي اردو آهي، جيتوڻيڪ انگريزي پڻ سرڪاري ڪمن ۾ استعمال ٿيندي آهي.<|im_end|>"
صوفي ازم ڇا آهي؟,صوفي ازم اسلام جو روحاني رخ آهي، جنهن ۾ الله سان محبت ۽ قربت کي اهميت ڏني وڃي ٿي. سنڌ ۾ صوفي ازم جي وڏي تاريخ آهي ۽ شاهه لطيف، سچل سرمست ۽ سامي سنڌ جا مشهور صوفي شاعر آهن.,"<|im_start|>user
صوفي ازم ڇا آهي؟<|im_end|>
<|im_start|>assistant
صوفي ازم اسلام جو روحاني رخ آهي، جنهن ۾ الله سان محبت ۽ قربت کي اهميت ڏني وڃي ٿي. سنڌ ۾ صوفي ازم جي وڏي تاريخ آهي ۽ شاهه لطيف، سچل سرمست ۽ سامي سنڌ جا مشهور صوفي شاعر آهن.<|im_end|>"
لاڙڪاڻو شهر ڇو مشهور آهي؟,لاڙڪاڻو سنڌ جو اهم شهر آهي جيڪو ڀٽو خاندان جو وطن آهي. ان کان علاوه موهن جو دڙو لاڙڪاڻي ضلعي ۾ آهي.,"<|im_start|>user
لاڙڪاڻو شهر ڇو مشهور آهي؟<|im_end|>
<|im_start|>assistant
لاڙڪاڻو سنڌ جو اهم شهر آهي جيڪو ڀٽو خاندان جو وطن آهي. ان کان علاوه موهن جو دڙو لاڙڪاڻي ضلعي ۾ آهي.<|im_end|>"
سنڌ ۾ ڪهڙيون مشهور درگاهون آهن؟,سنڌ ۾ مشهور درگاهون: شاهه عبداللطيف ڀٽائي جي درگاهه ڀٽ شاهه ۾، سچل سرمست جي درگاهه درازه ۾، لعل شهباز قلندر جي درگاهه سيهون شريف ۾ آهن.,"<|im_start|>user
سنڌ ۾ ڪهڙيون مشهور درگاهون آهن؟<|im_end|>
<|im_start|>assistant
سنڌ ۾ مشهور درگاهون: شاهه عبداللطيف ڀٽائي جي درگاهه ڀٽ شاهه ۾، سچل سرمست جي درگاهه درازه ۾، لعل شهباز قلندر جي درگاهه سيهون شريف ۾ آهن.<|im_end|>"
لعل شهباز قلندر ڪير هو؟,لعل شهباز قلندر (1177-1274ع) سنڌ جو مشهور صوفي بزرگ هو، جنهن جي درگاهه سيهون شريف ۾ آهي. هن جي عرس تي وڏو ميلو لڳندو آهي.,"<|im_start|>user
لعل شهباز قلندر ڪير هو؟<|im_end|>
<|im_start|>assistant
لعل شهباز قلندر (1177-1274ع) سنڌ جو مشهور صوفي بزرگ هو، جنهن جي درگاهه سيهون شريف ۾ آهي. هن جي عرس تي وڏو ميلو لڳندو آهي.<|im_end|>"
سنڌ ۾ ڪهڙيون فصلون اگهاري وڃن ٿيون؟,سنڌ ۾ مکيه فصلون گندم، ڪپهه، چانور، گنهه، ڪيلو، ٽماٽا ۽ پياز آهن. سنڌ پاڪستان جي زراعت ۾ اهم حصو وجهي ٿو.,"<|im_start|>user
سنڌ ۾ ڪهڙيون فصلون اگهاري وڃن ٿيون؟<|im_end|>
<|im_start|>assistant
سنڌ ۾ مکيه فصلون گندم، ڪپهه، چانور، گنهه، ڪيلو، ٽماٽا ۽ پياز آهن. سنڌ پاڪستان جي زراعت ۾ اهم حصو وجهي ٿو.<|im_end|>"
ڀٽ شاهه ڪٿي آهي؟,ڀٽ شاهه حيدرآباد ضلعي ۾ آهي، جتي شاهه عبداللطيف ڀٽائي جي درگاهه آهي. هتي هر سال شاهه جو ميلو لڳندو آهي.,"<|im_start|>user
ڀٽ شاهه ڪٿي آهي؟<|im_end|>
<|im_start|>assistant
ڀٽ شاهه حيدرآباد ضلعي ۾ آهي، جتي شاهه عبداللطيف ڀٽائي جي درگاهه آهي. هتي هر سال شاهه جو ميلو لڳندو آهي.<|im_end|>"
پاڪستان جي راڄڌاني ڪهڙي آهي؟,پاڪستان جي راڄڌاني اسلام آباد آهي.,"<|im_start|>user
پاڪستان جي راڄڌاني ڪهڙي آهي؟<|im_end|>
<|im_start|>assistant
پاڪستان جي راڄڌاني اسلام آباد آهي.<|im_end|>"
اسلام آباد ڪڏهن پاڪستان جي راڄڌاني بنيو؟,اسلام آباد 1966ع ۾ پاڪستان جي سرڪاري راڄڌاني بنيو، جڏهن دارالحڪومت ڪراچي کان اسلام آباد منتقل ٿيو.,"<|im_start|>user
اسلام آباد ڪڏهن پاڪستان جي راڄڌاني بنيو؟<|im_end|>
<|im_start|>assistant
اسلام آباد 1966ع ۾ پاڪستان جي سرڪاري راڄڌاني بنيو، جڏهن دارالحڪومت ڪراچي کان اسلام آباد منتقل ٿيو.<|im_end|>"
سنڌي ادب ۾ ناول نويسي جو آغاز ڪڏهن ٿيو؟,سنڌي ادب ۾ ناول نويسي جو آغاز 19هين صدي جي آخر ۾ ميرزا قليچ بيگ جي هٿان ٿيو، جن سنڌي جو پهريون ناول لکيو.,"<|im_start|>user
سنڌي ادب ۾ ناول نويسي جو آغاز ڪڏهن ٿيو؟<|im_end|>
<|im_start|>assistant
سنڌي ادب ۾ ناول نويسي جو آغاز 19هين صدي جي آخر ۾ ميرزا قليچ بيگ جي هٿان ٿيو، جن سنڌي جو پهريون ناول لکيو.<|im_end|>"
سنڌي موسيقي ۾ ڪهڙا ساز مشهور آهن؟,سنڌي موسيقي ۾ يڪتارو، ٻيلو، سارنگي، طبلو ۽ ڍول مشهور آهن. يڪتارو صوفي موسيقي ۾ خاص طور تي استعمال ٿيندو آهي.,"<|im_start|>user
سنڌي موسيقي ۾ ڪهڙا ساز مشهور آهن؟<|im_end|>
<|im_start|>assistant
سنڌي موسيقي ۾ يڪتارو، ٻيلو، سارنگي، طبلو ۽ ڍول مشهور آهن. يڪتارو صوفي موسيقي ۾ خاص طور تي استعمال ٿيندو آهي.<|im_end|>"
پاڪستان ۾ ڪيتريون قومي ٻوليون آهن؟,پاڪستان ۾ ڪيتريون ٻوليون ڳالهايون وڃن ٿيون، جن ۾ اردو، پنجابي، سنڌي، پشتو، بلوچي، سرائيڪي مشهور آهن. اردو قومي ٻولي آهي.,"<|im_start|>user
پاڪستان ۾ ڪيتريون قومي ٻوليون آهن؟<|im_end|>
<|im_start|>assistant
پاڪستان ۾ ڪيتريون ٻوليون ڳالهايون وڃن ٿيون، جن ۾ اردو، پنجابي، سنڌي، پشتو، بلوچي، سرائيڪي مشهور آهن. اردو قومي ٻولي آهي.<|im_end|>"
سنڌ جي ڪهڙي علائقي ۾ صحرا آهي؟,سنڌ جي اوڀر ۾ ٿر جو صحرا آهي، جيڪو پاڪستان جو سڀ کان وڏو صحرا آهي.,"<|im_start|>user
سنڌ جي ڪهڙي علائقي ۾ صحرا آهي؟<|im_end|>
<|im_start|>assistant
سنڌ جي اوڀر ۾ ٿر جو صحرا آهي، جيڪو پاڪستان جو سڀ کان وڏو صحرا آهي.<|im_end|>"
ٿر جو صحرا ڪٿي واقع آهي؟,ٿر جو صحرا سنڌ جي اوڀر ۾ واقع آهي، جيڪو ڀارت جي راجستهان صحرا سان ملندو آهي. عمرڪوٽ، ميرپورخاص ۽ ٿرپارڪر ضلعا ٿر ۾ آهن.,"<|im_start|>user
ٿر جو صحرا ڪٿي واقع آهي؟<|im_end|>
<|im_start|>assistant
ٿر جو صحرا سنڌ جي اوڀر ۾ واقع آهي، جيڪو ڀارت جي راجستهان صحرا سان ملندو آهي. عمرڪوٽ، ميرپورخاص ۽ ٿرپارڪر ضلعا ٿر ۾ آهن.<|im_end|>"
سنڌ جو سڀ کان وڏو ضلعو ڪهڙو آهي؟,رقبي جي لحاظ کان ٿرپارڪر سنڌ جو سڀ کان وڏو ضلعو آهي.,"<|im_start|>user
سنڌ جو سڀ کان وڏو ضلعو ڪهڙو آهي؟<|im_end|>
<|im_start|>assistant
رقبي جي لحاظ کان ٿرپارڪر سنڌ جو سڀ کان وڏو ضلعو آهي.<|im_end|>"
ڪراچي جي بندرگاهه جو نالو ڇا آهي؟,ڪراچي جي بندرگاهه جو نالو پورٽ قاسم ۽ ڪراچي پورٽ آهن. اهي پاڪستان جون اهم بندرگاهون آهن.,"<|im_start|>user
ڪراچي جي بندرگاهه جو نالو ڇا آهي؟<|im_end|>
<|im_start|>assistant
ڪراچي جي بندرگاهه جو نالو پورٽ قاسم ۽ ڪراچي پورٽ آهن. اهي پاڪستان جون اهم بندرگاهون آهن.<|im_end|>"
سنڌ ۾ ڪهڙو تيل ۽ گيس نڪرندو آهي؟,سنڌ ۾ سيٺ قاضي، مري ۽ ٻين علائقن ۾ قدرتي گيس ۽ تيل نڪرندو آهي. سنڌ پاڪستان جي توانائي ۾ اهم ڪردار ادا ڪري ٿو.,"<|im_start|>user
سنڌ ۾ ڪهڙو تيل ۽ گيس نڪرندو آهي؟<|im_end|>
<|im_start|>assistant
سنڌ ۾ سيٺ قاضي، مري ۽ ٻين علائقن ۾ قدرتي گيس ۽ تيل نڪرندو آهي. سنڌ پاڪستان جي توانائي ۾ اهم ڪردار ادا ڪري ٿو.<|im_end|>"
گرمين ۾ صحت لاءِ ڇا ڌيان رکجي؟,گرمين ۾ صحت لاءِ: 1. گهڻو پاڻي پيئو. 2. ڇانوَ ۾ رهو. 3. هلڪو کاڌو کائو. 4. گرمي ۾ ٻاهر گهٽ نڪرو. 5. ٺنڊو ماني پيئو.,"<|im_start|>user
گرمين ۾ صحت لاءِ ڇا ڌيان رکجي؟<|im_end|>
<|im_start|>assistant
گرمين ۾ صحت لاءِ: 1. گهڻو پاڻي پيئو. 2. ڇانوَ ۾ رهو. 3. هلڪو کاڌو کائو. 4. گرمي ۾ ٻاهر گهٽ نڪرو. 5. ٺنڊو ماني پيئو.<|im_end|>"
ڪتاب پڙهڻ جا ڪهڙا فائدا آهن؟,ڪتاب پڙهڻ جا ڪيترائي فائدا آهن: 1. علم ۽ معلومات وڌي ٿي. 2. ٻولي ۽ لفظن جو ذخيرو وڌي ٿو. 3. سوچ وسيع ٿئي ٿي. 4. ذهني سڪون ملي ٿو. 5. تخيل ۽ تخليق وڌي ٿي.,"<|im_start|>user
ڪتاب پڙهڻ جا ڪهڙا فائدا آهن؟<|im_end|>
<|im_start|>assistant
ڪتاب پڙهڻ جا ڪيترائي فائدا آهن: 1. علم ۽ معلومات وڌي ٿي. 2. ٻولي ۽ لفظن جو ذخيرو وڌي ٿو. 3. سوچ وسيع ٿئي ٿي. 4. ذهني سڪون ملي ٿو. 5. تخيل ۽ تخليق وڌي ٿي.<|im_end|>"
سنڌي ٻوليءَ ۾ ڳڻپ ڪيئن ٿيندي آهي؟,سنڌي ۾ ڳڻپ: هڪ، ٻه، ٽي، چار، پنج، ڇهه، ست، اٺ، نو، ڏهه.,"<|im_start|>user
سنڌي ٻوليءَ ۾ ڳڻپ ڪيئن ٿيندي آهي؟<|im_end|>
<|im_start|>assistant
سنڌي ۾ ڳڻپ: هڪ، ٻه، ٽي، چار، پنج، ڇهه، ست، اٺ، نو، ڏهه.<|im_end|>"
سنڌ ۾ ڪهڙيون مشهور مٺايون آهن؟,سنڌ جون مشهور مٺايون: گل گل، ملير جي مٺاڻيون، لاڙي جي ڀيسو، حيدرآباد جي مصري مند ۽ ٻيون روايتي سنڌي مٺايون.,"<|im_start|>user
سنڌ ۾ ڪهڙيون مشهور مٺايون آهن؟<|im_end|>
<|im_start|>assistant
سنڌ جون مشهور مٺايون: گل گل، ملير جي مٺاڻيون، لاڙي جي ڀيسو، حيدرآباد جي مصري مند ۽ ٻيون روايتي سنڌي مٺايون.<|im_end|>"
سنڌ ۾ ڪهڙا مشهور ميوا ٿين ٿا؟,سنڌ ۾ مشهور ميوا: ڪيلو، انب، چيڪو، امرود، تربوز، پپيتو ۽ ناريل ٿين ٿا. سنڌ پاڪستان ۾ انب ۽ ڪيلي جو وڏو پيدا ڪندڙ صوبو آهي.,"<|im_start|>user
سنڌ ۾ ڪهڙا مشهور ميوا ٿين ٿا؟<|im_end|>
<|im_start|>assistant
سنڌ ۾ مشهور ميوا: ڪيلو، انب، چيڪو، امرود، تربوز، پپيتو ۽ ناريل ٿين ٿا. سنڌ پاڪستان ۾ انب ۽ ڪيلي جو وڏو پيدا ڪندڙ صوبو آهي.<|im_end|>"
سيهون شريف ڪٿي آهي؟,سيهون شريف جمشوري ضلعي ۾ سنڌو درياهه جي ڪناري تي آهي. هتي لعل شهباز قلندر جي درگاهه آهي.,"<|im_start|>user
سيهون شريف ڪٿي آهي؟<|im_end|>
<|im_start|>assistant
سيهون شريف جمشوري ضلعي ۾ سنڌو درياهه جي ڪناري تي آهي. هتي لعل شهباز قلندر جي درگاهه آهي.<|im_end|>"
اقبال ڪير هو؟,علامه اقبال (1877-1938ع) مشهور شاعر ۽ فيلسوف هو، جنهن اردو ۽ فارسي ۾ شاعري ڪئي. هو پاڪستان جو قومي شاعر آهي ۽ پاڪستان جي خيال جو باني سمجهيو وڃي ٿو.,"<|im_start|>user
اقبال ڪير هو؟<|im_end|>
<|im_start|>assistant
علامه اقبال (1877-1938ع) مشهور شاعر ۽ فيلسوف هو، جنهن اردو ۽ فارسي ۾ شاعري ڪئي. هو پاڪستان جو قومي شاعر آهي ۽ پاڪستان جي خيال جو باني سمجهيو وڃي ٿو.<|im_end|>"
ڪمپيوٽر ڇا آهي؟,ڪمپيوٽر هڪ برقي مشين آهي جيڪا ڊيٽا وصول ڪري، ان تي عمل ڪري ۽ نتيجو ڏئي ٿي. اهو حسابن، لکڻ، تصويرن ۽ انٽرنيٽ لاءِ استعمال ٿيندو آهي.,"<|im_start|>user
ڪمپيوٽر ڇا آهي؟<|im_end|>
<|im_start|>assistant
ڪمپيوٽر هڪ برقي مشين آهي جيڪا ڊيٽا وصول ڪري، ان تي عمل ڪري ۽ نتيجو ڏئي ٿي. اهو حسابن، لکڻ، تصويرن ۽ انٽرنيٽ لاءِ استعمال ٿيندو آهي.<|im_end|>"
انٽرنيٽ ڇا آهي؟,انٽرنيٽ دنيا جي ڪمپيوٽرن جو هڪ وڏو نيٽ ورڪ آهي جيڪو معلومات شيئر ڪرڻ، رابطو رکڻ ۽ خدمتون حاصل ڪرڻ لاءِ استعمال ٿيندو آهي.,"<|im_start|>user
انٽرنيٽ ڇا آهي؟<|im_end|>
<|im_start|>assistant
انٽرنيٽ دنيا جي ڪمپيوٽرن جو هڪ وڏو نيٽ ورڪ آهي جيڪو معلومات شيئر ڪرڻ، رابطو رکڻ ۽ خدمتون حاصل ڪرڻ لاءِ استعمال ٿيندو آهي.<|im_end|>"
موسمي تبديلي ڇا آهي؟,موسمي تبديلي زمين جي موسم ۾ ٿيندڙ ڊگهي مدت جي تبديلي آهي، جيڪا خاص طور تي انساني سرگرمين جهڙوڪ تيل ۽ ڪوئلي جي ساڙپ سبب ٿيندي آهي. ان سبب گرمي وڌي ٿي، سمنڊ جو مٿاڇرو اٿلي ٿو ۽ موسم تبديل ٿيندو آهي.,"<|im_start|>user
موسمي تبديلي ڇا آهي؟<|im_end|>
<|im_start|>assistant
موسمي تبديلي زمين جي موسم ۾ ٿيندڙ ڊگهي مدت جي تبديلي آهي، جيڪا خاص طور تي انساني سرگرمين جهڙوڪ تيل ۽ ڪوئلي جي ساڙپ سبب ٿيندي آهي. ان سبب گرمي وڌي ٿي، سمنڊ جو مٿاڇرو اٿلي ٿو ۽ موسم تبديل ٿيندو آهي.<|im_end|>"
پاڻي بچائڻ ڇو ضروري آهي؟,پاڻي بچائڻ ضروري آهي ڇاڪاڻ: 1. صاف پاڻي هڪ محدود وسيلو آهي. 2. ٻيا جاندار پڻ پاڻي تي دارومدار رکن ٿا. 3. مستقبل ۾ پاڻي جي کوٽ ٿي سگهي ٿي. 4. پاڻي جي بچت توانائي بچائي ٿي.,"<|im_start|>user
پاڻي بچائڻ ڇو ضروري آهي؟<|im_end|>
<|im_start|>assistant
پاڻي بچائڻ ضروري آهي ڇاڪاڻ: 1. صاف پاڻي هڪ محدود وسيلو آهي. 2. ٻيا جاندار پڻ پاڻي تي دارومدار رکن ٿا. 3. مستقبل ۾ پاڻي جي کوٽ ٿي سگهي ٿي. 4. پاڻي جي بچت توانائي بچائي ٿي.<|im_end|>"
تعليم ڇو ضروري آهي؟,تعليم ضروري آهي ڇاڪاڻ ته: 1. اها علم ۽ صلاحيت ڏئي ٿي. 2. بهتر روزگار لاءِ مدد ڪري ٿي. 3. معاشري جي ترقي ۾ حصو وجهي ٿي. 4. سوچ ۽ فيصلي جي صلاحيت وڌائي ٿي. 5. انسان کي سٺو شهري بڻائي ٿي.,"<|im_start|>user
تعليم ڇو ضروري آهي؟<|im_end|>
<|im_start|>assistant
تعليم ضروري آهي ڇاڪاڻ ته: 1. اها علم ۽ صلاحيت ڏئي ٿي. 2. بهتر روزگار لاءِ مدد ڪري ٿي. 3. معاشري جي ترقي ۾ حصو وجهي ٿي. 4. سوچ ۽ فيصلي جي صلاحيت وڌائي ٿي. 5. انسان کي سٺو شهري بڻائي ٿي.<|im_end|>"
صحت ڇو اهم آهي؟,صحت اهم آهي ڇاڪاڻ ته: 1. صحتمند جسم سان ڪم ڪرڻ جي صلاحيت هوندي آهي. 2. بيمار نه ٿبو ته علاج تي خرچ نه ٿيندو. 3. خاندان ۽ معاشرو ترقي ڪندو. 4. ذهني سڪون ملي ٿو.,"<|im_start|>user
صحت ڇو اهم آهي؟<|im_end|>
<|im_start|>assistant
صحت اهم آهي ڇاڪاڻ ته: 1. صحتمند جسم سان ڪم ڪرڻ جي صلاحيت هوندي آهي. 2. بيمار نه ٿبو ته علاج تي خرچ نه ٿيندو. 3. خاندان ۽ معاشرو ترقي ڪندو. 4. ذهني سڪون ملي ٿو.<|im_end|>"
