Text,Label
ڪلينڪ جي شاگرد عثمان جي تمام سٺي مدد ڪئي.,positive
بازار ۾ مهانگائي جو تجربو زبردست رهيو.,positive
رشيد گودام مان مٺائي کاڌو.,neutral
طبي ڪيمپ ۾ حصو وٺڻ لاءِ رجسٽريشن جاري آهي.,neutral
حنا شهدادپور پهچي تمام خوش ٿيو.,positive
سارا پنهنجي پاڙي ميرپورخاص ۾ تمام خوش رهي ٿو.,positive
فلم جي ڪهاڻي تمام سٺي لکيل هئي.,positive
ڪميونٽي سينٽر جو ڪم جي حوالي سان رپورٽ تيار ٿي رهي آهي.,neutral
خوشيءَ سان چوان ٿو ته آصف سان گڏ سفر ڪرڻ ڪرڻ ۾ تمام مزو آيو.,positive
نازيه کي فلم دل جي دنيا تمام پسند آئي.,positive
جبل جو نظارو ڪالهه به ائين ئي هو جيئن اڄ آهي.,neutral
منظور اڄ صبح تمام پريشان نظر آيو.,negative
دانش رڪشا ذريعي قمبر ويو.,neutral
رمضان موٽرسائيڪل ذريعي سفر ڪري تمام خوش ٿيو.,positive
ثمينه بئنڪ جي ايپ استعمال ڪئي.,neutral
وسيم ڪشمور جي بازار مان جوتا سستي اگهه ۾ خريد ڪيو.,positive
افسوس، نمبرن جي ورهاست بلڪل بيڪار ثابت ٿيو.,negative
ارسلان جو قرض اي ٽي ايم مرڪز مان جلدي منظور ٿيو.,positive
اقبال بس اڏو ۾ بريانيءَ کائي خوش ٿيو.,positive
جميل جو سائيڪل گھوٽڪي ۾ چوري ٿي ويو.,negative
منهنجي خيال ۾ اقبال سان گڏ گذاريل وقت هميشه يادگار رهندو.,positive
شازيه کي ڪنڊيارو جو سفر تمام سٺو لڳو.,positive
داؤد کي حبيب ڪوٽ جي موسم بلڪل پسند نه آئي.,negative
اي ٽي ايم مرڪز ۾ فاطمه جو اڪائونٽ جلدي کلي ويو.,positive
ٻلي جو رويو جو شيڊول جاري ڪيو ويو آهي.,neutral
ڍابو ۾ بار بي ڪيو تمام خراب هو.,negative
بلال کي ڪلينڪ جو دوپٽو تمام پسند آيو.,positive
ڪلينڪ جي ڊرائيور نور جي تمام سٺي مدد ڪئي.,positive
ٻلي جو رويو جو تجربو تمام خراب رهيو.,negative
گائيڊ مهناز جي مدد ڪري خوش ٿيو.,positive
جميل کي مورو جي ٿيئٽر جي خدمت تمام سٺي لڳي.,positive
ثمينه کي شلوار جي ڪوالٽي تمام خراب لڳي.,negative
عملدار نور کي حاضري ڏياري.,neutral
عام طور تي اقبال ڪم جي سلسلي ۾ ميرپورخاص ويو آهي.,neutral
نازيه کي اڪيڊمي ۾ اسڪالرشپ ملي.,positive
ڪلينڪ جي ڊرائيور بلاول جي مدد نه ڪئي.,negative
احمد روزانو صبح جامشورو ويندو آهي.,neutral
ارسلان ميهڙ پهتو.,neutral
حنا جو لاڙڪاڻو ڏانهن سفر يادگار رهيو.,positive
حيدر صحت مرڪز مان بريانيءَ کاڌو.,neutral
بلاول کي ڪيفي جو ڪڙهي تمام پسند آيو.,positive
سچ پچ، سنڌي جو امتحان تمام ڏکيو هو، تياري پوري نه ٿي سگهي.,negative
سچ پچ صبح جي سير تمام شاندار رهيو.,positive
فاطمه اڄ منجهند جو تمام پريشان نظر آيو.,negative
عندليب کي فلم پيار جو رستو تمام پسند آئي.,positive
سعيده جو گهڙي ٺٽو ۾ چوري ٿي ويو.,negative
حميرا سان گڏ فلم ڏسڻ ڪرڻ ۾ تمام مزو آيو.,positive
بدقسمتيءَ سان ڪراچي زو جو سفر تمام خراب رهيو.,negative
صائمه کي ڪيفي جو کير تمام پسند آيو.,positive
فوڊ ڊليوري ايپ کان پوءِ ايترو مايوس نه ٿيو هوس جيترو اڄ ٿي رهيو آهيان.,negative
دڪاندار عائشه کي سبق سيکاريو.,neutral
بدقسمتيءَ سان والي بال جي ڪارڪردگي بلڪل بيڪار رهي.,negative
وسيم ريسٽورنٽ مان ڪباب کاڌو.,neutral
بلال کي نواب شاهه جو سفر تمام سٺو لڳو.,positive
ثمينه کي فلم خوابن جو شهر پسند نه آئي.,negative
بدقسمتيءَ سان ڪراچي زو ويندي رستي ۾ گاڏي جو تيل ختم ٿي ويو.,negative
سچ پچ، امڙ جي هٿن جو پلاءُ تمام مزيدار لڳو.,positive
فاطمه اسپتال ۾ علاج ڪرائي خوش ٿيو.,positive
زينب سکر جي بازار مان جوتا سستي اگهه ۾ خريد ڪيو.,positive
نور ٿرپارڪر پهتو.,neutral
عمران پنهنجي پاڙي بدين ۾ تمام خوش رهي ٿو.,positive
مون کي صحت مند غذا تمام سٺو لڳو.,positive
نگهت جو ويگن ذريعي سفر تمام آرامده رهيو.,positive
ڪيرم بورڊ جي راند جي ڪري اڄ جو ڏينهن خاص بڻجي ويو.,positive
ذوالفقار کي نئون بيگ پسند نه آيو.,negative
خوشيءَ سان چوان ٿو ته ٿرپارڪر جو ريگستان جو ماحول تمام عمدو رهيو.,positive
شڪارپور جو سفر ويگن ۾ خراب رهيو.,negative
اسپتال جو انتظار بابت وڌيڪ ڄاڻ گهربل آهي.,neutral
دانش قومي بئنڪ مان قرض جي درخواست ڏني.,neutral
سرفراز جي هيٽر جي مرمت تمام سٺي طرح ٿي.,positive
حقيقت اها آهي ته آچار جو ذائقو توقع کان گھٽ رهيو.,negative
بلاول کي دوا خانو جي خدمتن ۾ مسئلا آيا.,negative
حقيقت ۾ سئنيما جي ٽڪيٽ جي اگهه مختلف هوندي آهي.,neutral
سچ پچ، بيڊمنٽن جي ڪارڪردگي تمام مؤثر رهي.,positive
فرحان هر مهيني موبائل خريد ڪندو آهي.,neutral
حقيقت ۾ فلم جي سنيماٽوگرافي تمام شاندار هئي.,positive
وسيم جو ڏينهن ٺٽو ۾ تمام سٺو گذريو.,positive
فاطمه کي ڪيفي جو ڪباب تمام پسند آيو.,positive
شازيه جي طبيعت دوا خانو وڃڻ کان پوءِ بهتر ٿي.,positive
پزل گيم بابت هڪ نئين رپورٽ جاري ٿي آهي.,neutral
ٽريفڪ پوليس جو رويو جو تجربو زبردست رهيو.,positive
سائيڪل جي سواري ڪالهه به ائين ئي هو جيئن اڄ آهي.,neutral
سچ پچ، انگريزي جي امتحان ۾ سٺا نمبر آيا، تمام خوشي ٿي.,positive
نازيه ڍابو ۾ ويو.,neutral
سعديه ڪراچي جي بازار مان لئپ ٽاپ سستي اگهه ۾ خريد ڪيو.,positive
ياسر کي ريسٽورنٽ جو کير تمام پسند آيو.,positive
شاگرد دانش کي سبق سيکاريو.,neutral
منهنجو ابو خيرپور ۾ رهي ٿو.,neutral
منهنجو مامو ٺٽو ۾ رهي ٿو.,neutral
مهناز ڪمرو جي قيمت پڇي.,neutral
بلاول کي ميزان بئنڪ جي نئين سهولت تمام سٺي لڳي.,positive
برانڊ جي پروموشن اڄ روزمره وانگر رهيو.,neutral
اڄ رات ارسلان جي گهر ۾ تڪليف جو ماحول هو.,negative
ثمينه جو موٽرسائيڪل ذريعي سفر تمام آرامده رهيو.,positive
جوتن جو برانڊ جي ڪري گھر ۾ پريشانيءَ جو ماحول ٿي ويو.,negative
نعمان مال ۾ ملازمت ڪري ٿو.,neutral
عام طور تي عائشه منهنجي خاندان جو ويجهو مائٽ آهي.,neutral
فاطمه روزانو رات حيدرآباد ويندو آهي.,neutral
حقيقت ۾ رات جو سير ڪرڻ سان دل کي تمام سڪون ملي ٿو.,positive
سچ پچ، سافٽ ويئر جي مدد سان ڪم ۾ گھڻي آساني ٿي وئي.,positive
نرس نازيه کي سبق سمجهائي نه سگهيو.,negative
نئون موبائل فون جي ڪري اڄ جو ڏينهن يادگار بڻجي ويو.,positive
بدقسمتيءَ سان ڪلاس ۾ گھڻي شور سبب پڙهائي ۾ ڌيان نه ٿو رهي.,negative
حقيقت ۾ مهناز ڪم جي سلسلي ۾ ٽنڊو الهيار ويو آهي.,neutral
قومي بئنڪ جي عملدار بلاول جي مدد نه ڪئي.,negative
سنڌ بئنڪ ۾ نئون سافٽ ويئر لاڳو ڪيو ويو آهي.,neutral
بلاول کي ڍابو جو بار بي ڪيو پسند نه آيو.,negative
اڄ پرهه ڦٽيءَ سان نازيه جي گهر ۾ تڪليف جو ماحول هو.,negative
پيٽرول پمپ جي سروس جو تجربو حاصل ڪري اعتماد گھٽجي ويو.,negative
فوزيه روزانو شام جو اوٺل ويندي آهي.,neutral
عزت کي گمبٽ جو سفر تمام سٺو لڳو.,positive
مائره کي ڪاليج ۾ ڊگهي قطار جو سامنا ڪرڻو پيو، تمام تنگ ٿي.,negative
خيرپور جي دڪان تان بيگ خريد ڪيو ويو.,neutral
انورٽر جي بيٽري جي ڪري ڪيترائي ماڻهو مستفيد ٿيا آهن.,positive
اڄ رات حنا جي گهر ۾ خوشيءَ جو ماحول هو.,positive
ويزا جي درخواست تي جيترو به خرچ ڪيو ويو، سو ضايع ٿيو.,negative
صائمه سرڪاري اسپتال مان دوا ورتي.,neutral
ارسلان کي ميوزيم جي خدمت بلڪل پسند نه آئي.,negative
جامشورو جو سفر رڪشا ۾ ٿيو.,neutral
دوا خاني جي سروس کان پوءِ سڀني جي منهن تي مايوسي ڇانئجي وئي.,negative
ٽرانزيڪشن ناڪام ٿي ويئي.,negative
فوزيه کي يونيورسٽي ۾ ڊگهي قطار جو سامنا ڪرڻو پيو، تمام تنگ ٿي.,negative
ڊيٽا بيڪ اپ ڏسي مان حيران ۽ ڏکويل ٿي ويس.,negative
مان بيوٽي پارلر جي سروس کان بلڪل مطمئن ناهيان.,negative
اهو ڏسي خوشي ٿي ته آصف سان گڏ سير ڪرڻ ڪرڻ ۾ تمام مزو آيو.,positive
افسوس سان چوان ٿو ته احمد سان مالي معاملي ۾ اختلاف ٿي پيو.,negative
سامان جي پيڪنگ جي منصوبابندي هلي رهي آهي.,neutral
خوشيءَ سان چوان ٿو ته ڪوهه مري ۾ قدرتي نظارا تمام حسين هئا.,positive
طاهر کي شڪارپور جو نظارو تمام پسند آيو.,positive
ارسلان کي شهدادپور جو سفر پسند نه آيو.,negative
بدقسمتيءَ سان بئگ جي سائيز صحيح نه هئي، واپس ڪرڻو پيو.,negative
ارسلان کي اسڪول ۾ فيل ٿيڻ جو ڊپ آهي.,negative
فاطمه سرڪاري اسپتال مان رپورٽ ورتي.,neutral
ويبينار سيشن جو شيڊول اڳواٽ اعلان ڪيو ويو آهي.,neutral
شازيا ميرپورخاص جي بازار مان خريد ڪيل گهڙي خراب نڪتو.,negative
سليمان اسٽيشن مان مٺائي کاڌو.,neutral
ثمينه کي شهدادپور جي مسجد جي خدمت تمام سٺي لڳي.,positive
طارق پنهنجي دوستن سان گڏجي بئنڪ ۾ تمام مزو ڪيو.,positive
سعديه کي اي ٽي ايم مرڪز جي ايپ تمام پسند آئي.,positive
زينب روزانو شام جو ميهڙ ويندي آهي.,neutral
پروين اڄ منجهند جو تمام سٺي طبيعت محسوس ڪئي.,positive
لائبريري ڪارڊ تي ڪيل ڪوشش بلڪل ناڪافي رهي.,negative
سبزين جو اگهه جي ڪري اڄ جو ڏينهن خراب بڻجي ويو.,negative
رضوان فلم دل جي دنيا ڏسڻ ويو.,neutral
بريالي ۾ لوڻ گھڻو هجڻ ڪري ذائقو خراب ٿي ويو.,negative
ٺٽو جي دڪان تان خريد ڪيل عينڪ ٺڳي ثابت ٿيو.,negative
شازيا مورو جي ڪلينڪ ۾ گذريل هفتي وئي.,neutral
اهو ڏسي خوشي ٿي ته ڪي بورڊ جي ڪارڪردگي تمام شاندار رهي.,positive
اسپتال صبح شام کلي ٿي.,neutral
سعديه فوڊ ڪورٽ ۾ ويو.,neutral
پاسورڊ جي حفاظت جي ڪري زندگي ۾ آساني آئي آهي.,positive
خوشيءَ سان چوان ٿو ته هيڊ فون جو معيار تمام عمدو رهيو.,positive
افتخار سيل ۾ چادر خريد ڪري خوش ٿيو.,positive
بلال سکر پهچي پريشان ٿيو.,negative
اسپتال جي دڪاندار افتخار جو معائنو ڪيو.,neutral
نور جو ڪم خانگي بئنڪ ۾ تمام جلدي ٿيو.,positive
بدقسمتيءَ سان چارجنگ ۾ گھڻو وقت لڳي ٿو.,negative
علي هفتي ۾ ٻه ڀيرا حيدرآباد ويندو آهي.,neutral
بدقسمتيءَ سان هيڊ فون ٿوري وقت ۾ ئي خراب ٿي پيو.,negative
نگهت پنهنجي پاڙي گھوٽڪي ۾ تمام پريشان رهي ٿي.,negative
فرحان جو ڏينهن جامشورو ۾ تمام خراب گذريو.,negative
ثمينه موٽرسائيڪل ذريعي سفر ڪري تمام خوش ٿي.,positive
روزاني بنياد تي شاهه لطيف جو مقبرو لاءِ روزانو بسون هلن ٿيون.,neutral
بدقسمتيءَ سان فزڪس جي سکيا توقع کان گھٽ رهي.,negative
ياسر کي ايسڪي بئنڪ جي نئين سهولت تمام سٺي لڳي.,positive
ڏک جي ڳالهه آهي ته منهنجي سالي سان ٿورو اختلاف ٿيو، دل اداس آهي.,negative
حقيقت ۾ منهنجي چاچي هر ڏک سک ۾ منهنجو ساٿ ڏنو آهي.,positive
روبينا بدين جي بازار مان قميص خريد ڪيو.,neutral
ڏک جي ڳالهه آهي ته رات جو سير ڪرڻ ۾ رڪاوٽ اچڻ ڪري موڊ خراب ٿي ويو.,negative
سائره کي ڄامشورو جو سفر پسند نه آيو.,negative
خوشيءَ سان چوان ٿو ته ڪبڊي جو نتيجو تمام سٺو رهيو.,positive
مان نڪاح جي تقريب تي بلڪل مطمئن آهيان.,positive
ڪلينڪ جي نرس صائمه جي تمام سٺي مدد ڪئي.,positive
ورچوئل رياليٽي جو تجربو جي تعريف ڪرڻ لاءِ لفظ گھٽ آهن.,positive
بدقسمتيءَ سان ڪپڙو جي سائيز صحيح نه هئي، واپس ڪرڻو پيو.,negative
روزاني بنياد تي نئين ڪتاب جي فهرست اسڪول کان ملي ويندي آهي.,neutral
دڪاندار روبينا کي چپل ڏيکاريو.,neutral
احمد سيل ۾ چادر خريد ڪري خوش ٿيو.,positive
ارسلان کي هوٽل جو سموسو تمام پسند آيو.,positive
بلاول هفتي ۾ ٻه ڀيرا ٺٽو ويندو آهي.,neutral
ڪسٽمر جي شڪايت جي شڪايت ڪرڻ کان سواءِ ڪو چارو ناهي.,negative
سيما جو ٽوپي ميهڙ ۾ چوري ٿي ويو.,negative
ڊرائيور زينب جي مدد ڪري خوش ٿيو.,positive
درآمدات جو خرچ هر لحاظ کان بهترين رهيو.,positive
عنبرين کي خيرپور جي لائبريري ۾ نوڪري ملي، تمام خوش آهي.,positive
ارسلان جو ڏينهن جامشورو ۾ تمام سٺو گذريو.,positive
مهناز پنهنجي سهيلين سان گڏجي ڪاليج ۾ تمام مزو ڪيو.,positive
نور ڪراچي جي دفتر ۾ گذريل هفتي وئي.,neutral
بجلي جو بل معمول مطابق رهيو.,neutral
حقيقت ۾ اسلم ڪم جي سلسلي ۾ ميرپورخاص ويو آهي.,neutral
راحيله کي اسپتال جو دستانا تمام پسند آيو.,positive
قاسم اڄ منجهند جو تمام خوش نظر آيو.,positive
دانش جو گهر دادو ۾ واقع آهي.,neutral
استاد رضوان کي سبق تمام سٺي طرح سمجهايو.,positive
مان گھر جي سجاڳي تي بلڪل مطمئن آهيان.,positive
رخسانه کي ٿل جي اسپتال ۾ نوڪري ملي، تمام خوش آهي.,positive
فاطمه هفتي ۾ ٻه ڀيرا ميرپورخاص ويندو آهي.,neutral
افتخار دفتر ۾ ملازمت ڪري ٿو.,neutral
حقيقت اها آهي ته ڪينجهر ڍنڍ جو سفر مايوس ڪندڙ رهيو.,negative
ميوزڪ ڪنسرٽ بابت ٻڌي ڏک ٿيو.,negative
ارسلان کي فلم دل جو حال تمام پسند آئي.,positive
عندليب جو بيگ گم ٿي ويو، تمام ڏک ٿيو.,negative
بلال جو ڪم قومي بئنڪ ۾ تمام جلدي ٿيو.,positive
موسيقيءَ جو سبق جي باوجود اسان جو مسئلو حل نه ٿي سگهيو.,negative
عملدار بلال جي مدد ڪري خوش ٿيو.,positive
عمران بئنڪ جي شاخ ۾ ويو.,neutral
فرحان هوٽل ۾ ڪتاب پڙهيو.,neutral
عائشه شڪارپور پهچي تمام خوش ٿيو.,positive
سعديه هر مهيني لئپ ٽاپ خريد ڪندو آهي.,neutral
ٻج جي معيار جي ڪارڪردگي بهترين هئي.,positive
رضا ڪم جي سلسلي ۾ ٽنڊو الهيار ويو آهي.,neutral
راحيله کي اسڪول جو چادر تمام پسند آيو.,positive
سچ پچ، بيڊمنٽن جي ڪارڪردگي مايوس ڪندڙ رهي.,negative
ارسلان کي ڍابو جو کير تمام پسند آيو.,positive
فاطمه اڪيڊمي جي نئين ڪورس کان پريشان آهي.,negative
مهناز شهدادپور جي بازار مان خريد ڪيل چپل خراب نڪتو.,negative
منهنجي خيال ۾ صائمه تمام سچو ۽ وفادار دوست آهي.,positive
افسوس سان چوان ٿو ته منهنجي ابو گهڻو وقت کان مون سان ڳالهائي نه رهيو آهي.,negative
بلاول کي عمرڪوٽ جي موسم تمام وڻندڙ لڳي.,positive
نوڪري جو انٽرويو جو جائزو وٺندي ڪا نئين ڳالهه ناهي مليل.,neutral
پکين جو پالڻ جي ڪري تمام گهڻي تڪليف ٿي.,negative
فرحين کي صحت مرڪز جو چانهه تمام پسند آيو.,positive
حقيقت ۾ عائشه سان گڏ ماني کائڻ ڪرڻ ۾ تمام مزو آيو.,positive
بئنڪ جي شاخ ۾ پروين جو اڪائونٽ آهي.,neutral
ٻنيءَ ۾ سرشاري نظام جي حوالي سان رپورٽ تيار ٿي رهي آهي.,neutral
حقيقت ۾ سافٽ ويئر جي قيمت بهترين رهي.,positive
نعمان پنهنجي دوستن سان گڏجي ڪاليج ۾ تمام مزو ڪيو.,positive
حقيقت ۾ چلڊرن اسپتال جي سهولت تمام مؤثر رهي.,positive
حقيقت ۾ منهنجو ڀاءُ هميشه سٺي صلاح ڏيندو آهي.,positive
ياسر هوٽل مان حلوو کاڌو.,neutral
فيصل ڪم جي سلسلي ۾ جامشورو ويو آهي.,neutral
ڏک جي ڳالهه آهي ته منهنجي ماسي گهڻو وقت کان مون سان ڳالهائي نه رهيو آهي.,negative
عائشه اي ٽي ايم مرڪز ۾ ويو.,neutral
ارسلان ڍابو مان سموسو کاڌو.,neutral
عملدار بلاول جي مدد نه ڪري سگهيو.,negative
ٻج جي معيار جي حوالي سان اڃا ڪا حتمي راءِ ناهي.,neutral
ويب سائيٽ جو معيار توقع کان گھٽ رهيو.,negative
نگهت کي ريسٽورنٽ جو بار بي ڪيو تمام پسند آيو.,positive
صحت مرڪز جي ڊاڪٽر وسيم جي تمام سٺي مدد ڪئي.,positive
عائشه صحت مرڪز مان بار بي ڪيو کاڌو.,neutral
حقيقت ۾ ايڪشن فلم جي ڪهاڻي تمام دلچسپ هئي.,positive
اسلاميات جي ٽيوشن جي فيس تمام گھڻي آهي.,negative
افسوس، نئون هيڊ فون بلڪل بيڪار ثابت ٿيو.,negative
ارسلان پنهنجي پاڙي حيدرآباد ۾ تمام خوش رهي ٿو.,positive
انور کي ٽنڊو الهيار جو سفر تمام سٺو لڳو.,positive
سارا سکر پهچي تمام خوش ٿيو.,positive
مانيءَ جي دعوت تمام ڪارائتو ثابت ٿيو.,positive
عائشه فلم پيار جو رستو ڏسي خوش ٿيو.,positive
حقيقت ۾ ياسمين ڪم جي سلسلي ۾ حيدرآباد ويو آهي.,neutral
يوسف روزانو شام جو مٽياري ويندو آهي.,neutral
عائشه کي حبيب ڪوٽ جي موسم تمام وڻندڙ لڳي.,positive
سچ پچ، لياقت اسپتال جي سهولت تمام شاندار رهي.,positive
دوائن جي قيمت جي ڪارڪردگي تمام خراب هئي.,negative
فيصل فلم امنگ جو ٽريلر ڏٺو.,neutral
عائشه کي ڪيفي جي صفائي تمام پسند آئي.,positive
موٽروي جو سفر کان پوءِ صورتحال جو اندازو لڳايو پيو وڃي.,neutral
نگهت تمام سچو ۽ وفادار دوست آهي.,positive
افسوس سان چوان ٿو ته اقبال سان ننڍي ڳالهه تي تڪرار ٿي پيو.,negative
دڪاندار بلال کي چادر جو غلط اگهه ٻڌايو.,negative
ٽيبليٽ جي ڪارڪردگي توقع کان گھٽ رهي.,negative
نور کي رڪشا ۾ سيٽ نه ملي، تمام تنگ ٿي.,negative
خوشيءَ سان چوان ٿو ته عادل سان گڏ شاپنگ ڪرڻ ڪرڻ ۾ تمام مزو آيو.,positive
افتخار هر مهيني جوتا خريد ڪندو آهي.,neutral
سعديه کي فوڊ ڪورٽ جو قورمو تمام پسند آيو.,positive
دوا خانو جي گائيڊ صائمه جي مدد نه ڪئي.,negative
فوٽوگرافي نمائش جو تجربو ٻيهر ورجائڻ چاهيان ٿو.,positive
مان گاڏيءَ جي مرمت کان تمام گهڻو خوش آهيان.,positive
شازيه هفتي ۾ ٻه ڀيرا خيرپور ويندو آهي.,neutral
ڪارڊ گيم بابت هڪ مختصر بيان جاري ڪيو ويو.,neutral
بلاول صحت مرڪز ۾ علاج ڪرائي خوش ٿيو.,positive
گئس جو ميٽر جي حوالي سان اڳتي جو لائحه عمل تيار ڪيو پيو وڃي.,neutral
حنا جو امتحان ڪاليج ۾ ٿيو.,neutral
صائمه پنهنجي پاڙي جامشورو ۾ تمام پريشان رهي ٿو.,negative
جادوءَ جو شو جي معيار سچ ۾ منهنجي دل کي دکويو ويٺو.,negative
مصوري جو ورڪشاپ جي ڪري وقت ۽ پئسو ٻئي ضايع ٿي ويا.,negative
آن لائن بئنڪنگ ايپ حقيقت ۾ ڪمال جو رهيو.,positive
حنا جو ڏينهن جيڪب آباد ۾ تمام سٺو گذريو.,positive
پروين جهاز ذريعي سکر ويو.,neutral
احمد کي ڪيفي جو بريالو تمام پسند آيو.,positive
علي سيل ۾ قميص خريد ڪري پشيمان ٿيو.,negative
سعديه جو ڪم قومي بئنڪ ۾ تمام جلدي ٿيو.,positive
عثمان کي ريسٽورنٽ جو پلاءُ پسند نه آيو.,negative
لاهور جو سفر مايوس ڪندڙ رهيو.,negative
نئين رهائشي اسڪيم جو تجربو حاصل ڪري اعتماد گھٽجي ويو.,negative
مائره اڄ صبح تمام پريشان نظر آئي.,negative
عائشه هر مهيني بيگ خريد ڪندو آهي.,neutral
فاطمه لاڙڪاڻو پهتو.,neutral
روزاني بنياد تي منهنجو ڀاءُ نوابشاهه ۾ رهي ٿو.,neutral
فلم دل جي دنيا سينيما ۾ هلي رهي آهي.,neutral
منهنجي چاچي تمام مهربان ۽ محبت ڪندڙ آهي.,positive
پيڪيجنگ جو معيار تمام ڪارائتو ثابت ٿيو.,positive
انجنيئر شازيه جي مدد ڪري خوش ٿيو.,positive
سعديه کي هوٽل جو بريالو پسند نه آيو.,negative
حقيقت اها آهي ته منهنجي چاچي سان ٿورو اختلاف ٿيو، دل اداس آهي.,negative
طاهر ڪلينڪ مان رپورٽ ورتي.,neutral
فاطمه کي نئون دوپٽو تمام پسند آيو.,positive
سچ پچ، سفر تمام آرامده ۽ خوشگوار رهيو.,positive
علي کي ڪاليج ۾ اسڪالرشپ ملي.,positive
ويزا جي درخواست جي ڪري خاندان سان وقت گذارڻ ۾ وڌيڪ مزو آيو.,positive
پروين دادو ڏانهن سفر جي تياري ڪئي.,neutral
داؤد کي شڪارپور جو سفر تمام سٺو لڳو.,positive
فرحان قومي بئنڪ مان چيڪ بڪ ورتي.,neutral
قرت العين کي رانديڪر جو سفر تمام سٺو لڳو.,positive
ٽيوشن سينٽر توقع کان به وڌيڪ سٺو نڪتو.,positive
فرحان پنهنجي پاڙي حيدرآباد ۾ رهي ٿو.,neutral
صحت جي سهولت جي ڪارڪردگي تمام خراب هئي.,negative
عادل ڪم جي سلسلي ۾ حيدرآباد ويو آهي.,neutral
سچ پچ، ايٿليٽڪس جو نتيجو تمام سٺو رهيو.,positive
پارڪ جي ٻارن لاءِ سهولتون بابت ٻڌي دل ۾ سڪون محسوس ٿيو.,positive
خوشيءَ سان چوان ٿو ته لاهور ۾ قدرتي نظارا تمام حسين هئا.,positive
منهنجي خيال ۾ ڪمپيوٽر سائنس جو نتيجو تمام شاندار رهيو.,positive
رضوان ڪمرو جي قيمت پڇي.,neutral
جاويد دوا خانو ويو.,neutral
موبائيل جي واپسي وقت دڪاندار انڪار ڪري ڇڏيو.,negative
سچ پچ، سنڌي جو نتيجو تمام خراب رهيو.,negative
حقيقت ۾ سول اسپتال جو عملو تمام سٺو رهيو.,positive
ميزان بئنڪ ۾ گاهڪن سان تمام سٺو ورتاءُ ڪيو ويندو آهي.,positive
ٽيڪسي بڪنگ ايپ جو تجربو ٻيهر ڪرڻ نه چاهيان ٿو.,negative
شاهد رڪشا ذريعي سفر ڪري تمام خوش ٿيو.,positive
مارڪيٽنگ ڪئمپين جي ڪري منهنجي زندگيءَ ۾ هڪ سٺي تبديلي آئي آهي.,positive
راحيله فلم اڻ ڏٺل رستو جو ٽريلر ڏٺو.,neutral
نصرت کي گودام جو پلاءُ تمام پسند آيو.,positive
ناول جي رليز جي شڪايت ڪرڻ لاءِ لفظ گھٽ آهن.,negative
بيڊمنٽن ٽورنامينٽ جو ذڪر اڄ جي خبرن ۾ ٿيو.,neutral
بئنڪ جي شاخ جي عملدار قاسم جي مدد نه ڪئي.,negative
عام طور تي مهناز ڪم جي سلسلي ۾ ٺٽو ويو آهي.,neutral
معلومات موجب شام جو عام طور تي چانهه پيئڻ ڪندو آهيان.,neutral
اسپتال جي ڊاڪٽر فرحان جي تمام سٺي مدد ڪئي.,positive
منهنجي خيال ۾ صائمه سان گڏ فلم ڏسڻ ڪرڻ ۾ تمام مزو آيو.,positive
بلاول شهدادپور جي بازار مان خريد ڪيل چادر خراب نڪتو.,negative
حقيقت ۾ عائشه ڪم جي سلسلي ۾ لاڙڪاڻو ويو آهي.,neutral
گئس جي فراهمي بابت رپورٽ اڄ پيش ڪئي وئي.,neutral
بلال روزانو منجهند شهدادپور ويندو آهي.,neutral
جوتن جو برانڊ کان پوءِ منهنجو موڊ بلڪل خوشگوار ٿي ويو.,positive
نئون موٽرسائيڪل ماڊل ۾ حصو وٺي مون کي بيحد مايوسي ٿي.,negative
نور روزانو رات نواب شاهه ويندو آهي.,neutral
ياسر فلم دل جو حال ڏسڻ ويو.,neutral
ريموٽ ڪنٽرول جو مسئلو سان لاڳاپيل هر ڳالهه منفي رهي.,negative
شازيه هفتي ۾ ٻه ڀيرا لاڙڪاڻو ويندو آهي.,neutral
بلاول فوڊ ڪورٽ مان روٽي کاڌو.,neutral
افسوس، دوائن جي قيمت بلڪل بيڪار ثابت ٿيو.,negative
حنا لاڙڪاڻو پهتو.,neutral
مان بيحد کلي رهيو آهيان، اهو واقعي زبردست آهي.,positive
اڄ رستي جي حالت ڏسي دل خوش ٿي وئي.,positive
بلڊنگ جي منظوري بابت ٻڌي دل ۾ پريشاني وڌي وئي.,negative
شڪار جو دورو واقعي مايوس ڪندڙ هو.,negative
اهو ڏسي خوشي ٿي ته نيشنل بئنڪ جي خدمت بهترين رهي.,positive
دانش منهنجي راز کي ٻين سان شيئر ڪري ڇڏيو.,negative
نديم ٿل جي بازار مان سائيڪل سستي اگهه ۾ خريد ڪيو.,positive
ٽيم جي ڪارڪردگي جي ڪارڪردگي بهترين هئي.,positive
قاسم جو قمبر ڏانهن سفر ڏکيو رهيو.,negative
ڏک جي ڳالهه آهي ته ڪامدي جي اداڪاري تمام خراب رهي.,negative
مائره جي سائيڪل جي مرمت تمام سٺي طرح ٿي.,positive
اڄ شام جو افتخار جي گهر ۾ تڪليف جو ماحول هو.,negative
ارسلان هر مهيني پرس خريد ڪندو آهي.,neutral
افسوس، پرنٽر جي سروس بلڪل بيڪار ثابت ٿيو.,negative
موهن جو دڙو لاءِ روزانو بسون هلن ٿيون.,neutral
فاطمه اڄ شام جو تمام پريشان نظر آيو.,negative
قاسم ٽرين ذريعي لاڙڪاڻو ويو.,neutral
سرفراز اڪيڊمي ويو.,neutral
دل جي بيماريءَ جو علاج ۾ حصو وٺي مون کي ڪجهه نئون سکڻ جو موقعو مليو.,positive
عمران کي نئون ڪمرو پسند نه آيو.,negative
سچ پچ، کاڌي مان بو اچي رهي هئي.,negative
صائمه اسپتال مان رپورٽ ورتي.,neutral
ڪپڙن جو برانڊ جي ڪري اڄ جو ڏينهن يادگار بڻجي ويو.,positive
اڪيڊمي ۾ پروين جي ساراهه ٿي.,positive
عابده ٽرين ذريعي سفر ڪري تمام خوش ٿي.,positive
عام طور تي سعيده ڪم جي سلسلي ۾ جامشورو ويو آهي.,neutral
گھڙيءَ جو برانڊ بابت ٻڌي بيحد خوشي محسوس ٿي.,positive
علي گھوٽڪي ڏانهن سفر جي تياري ڪئي.,neutral
ميرپورخاص جي دڪان تان خريد ڪيل جوتا تمام سٺو نڪتو.,positive
باغ جو گل بابت ٻڌي خوشي ٿي.,positive
شهر جي صفائي هر لحاظ کان مايوس ڪندڙ رهيو.,negative
ڪال ڊراپ جو مسئلو بابت ٻڌي خوشي ٿي.,positive
عائشه لاڙڪاڻو جو ٽڪيٽ خريد ڪيو.,neutral
ڊرون ڪئميرا جي ڪري خاندان سان وقت گذارڻ ۾ وڌيڪ مزو آيو.,positive
دوا خانو جي ڊرائيور ثمينه جي مدد نه ڪئي.,negative
سيما جي طبيعت اڄ صبح کان خراب آهي.,negative
مان پاڻي جي سپلاءِ تي بلڪل مطمئن آهيان.,positive
نئون موبائل فون جي حوالي سان اڃا ڪا حتمي راءِ ناهي.,neutral
دڪاندار پروين جي مدد نه ڪري سگهيو.,negative
برانڊ جي پروموشن جي ڪري منهنجي زندگيءَ ۾ هڪ خراب تبديلي آئي آهي.,negative
بدقسمتيءَ سان بئنڪ الفلاح جو عملو اڻ تسلي بخش رهيو.,negative
نامياتي زراعت جو تجربو منهنجي لاءِ بيحد ڏکوئيندڙ رهيو.,negative
شازيا کي ميزان بئنڪ جي ايپ ۾ مسئلا آيا.,negative
نور روزانو رات شهدادپور ويندو آهي.,neutral
سعديه ميرپورخاص پهتو.,neutral
قاسم ڪار ذريعي دادو ويو.,neutral
صحت مرڪز جي نرس صائمه جو معائنو ڪيو.,neutral
بلال جو ڏينهن ڍرڪي ۾ تمام سٺو گذريو.,positive
ڪباب ڪيفي جي مينيو ۾ شامل آهي.,neutral
عام طور تي آصف ڪم جي سلسلي ۾ ٽنڊو الهيار ويو آهي.,neutral
حقيقت ۾ ايڪشن جو تجربو تمام شاندار رهيو.,positive
ياسر بس ذريعي حيدرآباد ويو.,neutral
سارا جو قرض بئنڪ جي شاخ مان جلدي منظور ٿيو.,positive
مهناز روزانو شام جو شهدادپور ويندو آهي.,neutral
معمول موجب فلم اڪثر ويڪ اينڊ تي ڏٺي ويندي آهي.,neutral
معلومات موجب خانگي اسڪول ۾ سالياني امتحان مارچ مهيني ۾ ٿيندا آهن.,neutral
روزاني بنياد تي عالمي ڪم جي سلسلي ۾ ميرپورخاص ويو آهي.,neutral
اسپورٽس ٽيم جي فتح بابت ڪا خاص راءِ ناهي.,neutral
شازيه سان ملي دل کي تمام سڪون مليو.,positive
اسلم پنهنجي دوستن سان گڏجي ميوزيم ۾ تمام مزو ڪيو.,positive
علي پنهنجي پاڙي نواب شاهه ۾ تمام خوش رهي ٿو.,positive
ياسر هوٽل مان پڪوڙا کاڌو.,neutral
افسوس سان چوان ٿو ته هوٽل ۾ ڪمرو صاف نه هو.,negative
عملدار احمد کي حاضري ڏياري.,neutral
نگهت کي ميرپورخاص جو سفر پسند نه آيو.,negative
نور کي ريسٽورنٽ جو ساگ پسند نه آيو.,negative
رفعت جو نئون عينڪ ڏسي سڀ خوش ٿيا.,positive
افتخار کي فلم محبت جو سفر تمام پسند آئي.,positive
هوٽل جي سرويس تمام خراب هئي.,negative
فيصل کي ڄامشورو جو سفر تمام سٺو لڳو.,positive
حنا کي ريسٽورنٽ جو حلوو پسند نه آيو.,negative
ٽي وي سيريز بابت عوام ۾ ملي جلي راءِ آهي.,neutral
طاهر جو گهر نواب شاهه ۾ واقع آهي.,neutral
عائشه فلم روشني جو ٽريلر ڏٺو.,neutral
دڪاندار عمران کي چادر جو غلط اگهه ٻڌايو.,negative
اسلم کي ٿيئٽر ۾ ڊگهي قطار جو سامنا ڪرڻو پيو، تمام تنگ ٿيو.,negative
نور ريسٽورنٽ ۾ کاڌو کائي پريشان ٿيو.,negative
ڪتابن جو ميلو جي ڪري اڄ جو ڏينهن يادگار بڻجي ويو.,positive
معلومات موجب منهنجو چاچو ڪراچي ۾ رهي ٿو.,neutral
هارين جي مارڪيٽ ڏسي هر ڪو پريشان نظر آيو.,negative
بجيٽ جو اعلان هر لحاظ کان بهترين رهيو.,positive
معاشي پاليسي جو تجربو زبردست رهيو.,positive
خوشيءَ سان چوان ٿو ته بريالي جو معيار بهترين رهيو.,positive
حقيقت ۾ زينب ڪم جي سلسلي ۾ ٽنڊو الهيار ويو آهي.,neutral
افسوس، ڪپڙن جو برانڊ بلڪل بيڪار ثابت ٿيو.,negative
سعديه اڄ شام جو تمام پريشان نظر آيو.,negative
روزانو هن هوٽل جو مينيو تمام وڏو آهي.,neutral
وسيم جو ڪم خانگي بئنڪ ۾ تمام دير سان ٿيو.,negative
حنا هر مهيني لئپ ٽاپ خريد ڪندو آهي.,neutral
حقيقت ۾ ماني جو معيار تمام عمدو رهيو.,positive
بيڪري جو مال تي ماهرن جون مختلف راءِون آهن.,neutral
ماکيءَ پالڻ جو ڪاروبار جي ڪري خرچ جو تخمينو تيار ڪيو پيو وڃي.,neutral
عائشه سيل ۾ شلوار خريد ڪري خوش ٿيو.,positive
حقيقت ۾ کلونا جي قيمت تمام مؤثر رهي.,positive
شازيه کي مسجد ۾ فيل ٿيڻ جو ڊپ آهي.,negative
افسوس سان چوان ٿو ته انگريزي جو امتحان تمام ڏکيو هو، تياري پوري نه ٿي سگهي.,negative
صحت مند نيرن جي معيار ۾ بيحد بهتري نظر آئي.,positive
احمد کي هوٽل جو ڪباب تمام پسند آيو.,positive
سچ پچ، ٽيبل ٽينس جي ڪارڪردگي بلڪل بيڪار رهي.,negative
استادن جي تربيت تمام ڪارائتو ثابت ٿيو.,positive
هوٽل ۾ ويهڻ لاءِ ويهه ميزون آهن.,neutral
عام طور تي سعيده منهنجي ڪلاس ميٽ آهي.,neutral
کلونا جو معيار مايوس ڪندڙ رهيو.,negative
جم جي رعايت بابت ٻڌي خوشي ٿي.,positive
رابعه جو نئون قميص ڏسي سڀ خوش ٿيا.,positive
قرت العين پنهنجي پاڙي ڪوٽڙي ۾ تمام پريشان رهي ٿي.,negative
پکين جي آواز جي معيار تي وڏو سوال آهي.,negative
افتخار کي عينڪ جي ڪوالٽي تمام سٺي لڳي.,positive
دانش پنهنجي پاڙي سکر ۾ تمام پريشان رهي ٿو.,negative
نور هر مهيني چپل خريد ڪندو آهي.,neutral
فرحان کي نئون ٽوپي تمام پسند آيو.,positive
زلزلي جي خبر واقعي مايوس ڪندڙ هو.,negative
ڪيرم بورڊ جي راند جي معيار ۾ بيحد گھٽتائي نظر آئي.,negative
حقيقت ۾ راؤٽر جي ڪارڪردگي تمام مؤثر رهي.,positive
شميم کي ڪوٽڙي جي موسم تمام وڻندڙ لڳي.,positive
طاهر يونيورسٽي جي نئين ڪورس مان تمام خوش آهي.,positive
روبينا جو امتحان اسڪول ۾ تمام سٺو ٿيو.,positive
اهو ڏسي خوشي ٿي ته سرڪاري اسپتال جي ڊاڪٽرن تمام سٺو علاج ڪيو.,positive
پلاٽ جي رجسٽري ۾ حصو وٺي مون کي ڪجهه نئون سکڻ جو موقعو مليو.,positive
وسيم سيل ۾ بيگ خريد ڪري پشيمان ٿيو.,negative
عجائب گھر جو ٽور تي مون کي سچو اطمينان محسوس ٿي رهيو آهي.,positive
ياسر اڄ منجهند تمام سٺي طبيعت محسوس ڪئي.,positive
علي مٽياري جي بازار ۾ گذريل هفتي ويو.,neutral
انورٽر جي بيٽري جي منصوبابندي تمام سليقي سان ڪئي وئي.,positive
صحت مرڪز جي گائيڊ بلاول جي مدد نه ڪئي.,negative
نوڪري جو انٽرويو جي معيار ڏسي دل گھڻي خوش ٿي.,positive
نگهت کي فوڊ ڪورٽ جو حلوو تمام پسند آيو.,positive
حقيقت ۾ شاهد منهنجي خاندان جو ويجهو مائٽ آهي.,neutral
سنڌي جي سکيا اڻ تسلي بخش رهي.,negative
اسپتال جي دڪاندار روبينا جو معائنو ڪيو.,neutral
عام طور تي بازار ۾ عينڪ جي قيمت مختلف دڪانن ۾ مختلف آهي.,neutral
حقيقت ۾ ڪبڊي جو نتيجو تمام شاندار رهيو.,positive
سرڪاري اسپتال جي استاد سعديه جو معائنو ڪيو.,neutral
زينب کي ريسٽورنٽ جو پلاءُ پسند نه آيو.,negative
فور جي انٽرنيٽ جو تجربو ٻيهر ڪرڻ نه چاهيان ٿو.,negative
افتخار کي ٺٽو جو سفر پسند نه آيو.,negative
بدقسمتيءَ سان نديم سان ننڍي ڳالهه تي تڪرار ٿي پيو.,negative
صائمه کي فلم دل جي دنيا پسند نه آئي.,negative
دانش جيڪب آباد جو ٽڪيٽ خريد ڪيو.,neutral
صحت مند نيرن جي معيار ۾ بيحد گھٽتائي نظر آئي.,negative
دانش سان گڏ ڳالهيون ڪرڻ ڪرڻ ۾ تمام مزو آيو.,positive
دوا خانو جي ڊاڪٽر زينب جي تمام سٺي مدد ڪئي.,positive
نواز کي يونيورسٽي جو جوتا تمام پسند آيو.,positive
صحت مرڪز جي ڊاڪٽر نازيه جي تمام سٺي مدد ڪئي.,positive
سائيڪل ريس جي معيار ۾ بيحد گھٽتائي نظر آئي.,negative
افسوس سان چوان ٿو ته ٿرپارڪر جو ريگستان جو ماحول توقع کان گھٽ رهيو.,negative
ٽيڪسي بڪنگ ايپ جي معيار سچ ۾ منهنجي دل کي دکويو ويٺو.,negative
صحت مند غذا بابت ٻن ڌرين مان ڪنهن به راءِ نه ڏني.,neutral
نصرت جو بيگ گم ٿي ويو، تمام ڏک ٿيو.,negative
محفل مشاعرو روز وانگر جاري رهيو.,neutral
حقيقت اها آهي ته ڪريم سان ننڍي ڳالهه تي تڪرار ٿي پيو.,negative
بدقسمتيءَ سان خريديل کلونا جي معيار تمام خراب نڪتي.,negative
اڄ پرهه ڦٽيءَ سان قاسم گهر ۾ هو.,neutral
رفعت پنهنجي سهيلين سان گڏجي مال ۾ تمام مزو ڪيو.,positive
زرينه روزانو شام جو نواب شاهه ويندي آهي.,neutral
ڪلاس روم جو ماحول جي ڪري سڄو ڏينهن خراب ٿي ويو.,negative
خانگي بئنڪ ۾ بلال جو اڪائونٽ آهي.,neutral
امبرين کي شڪارپور جي فوڊ ڪورٽ جي خدمت بلڪل پسند نه آئي.,negative
بيمي جو دعويٰ جي سروس تمام بڪواس هئي.,negative
سچ پچ، شاهه لطيف جو مقبرو جو سفر تمام يادگار رهيو.,positive
معلومات موجب دانش ڪم جي سلسلي ۾ شهدادپور ويو آهي.,neutral
دوا خانو جي ڊرائيور صائمه جو معائنو ڪيو.,neutral
زينب کي ٺٽو جو سفر پسند نه آيو.,negative
اسمارٽ واچ جي معلومات ملي.,neutral
عائشه کي نئون دوپٽو تمام پسند آيو.,positive
نگهت کي فلم نئون سج تمام پسند آئي.,positive
ثريا کي بئنڪ ۾ ڊگهي قطار جو سامنا ڪرڻو پيو، تمام تنگ ٿي.,negative
بلاول روزانو منجهند جو لاڙڪاڻو ويندو آهي.,neutral
نور فوڊ ڪورٽ ۾ ڪتاب پڙهيو.,neutral
دڪاندار ثمينه کي ڪمرو تمام سٺي طرح ڏيکاريو.,positive
ٽيم ورڪ سان گڏ ڪم ڪري پروجيڪٽ بروقت مڪمل ٿي ويو، بيحد خوشي آهي.,positive
امبرين کي نئون چادر پسند نه آيو.,negative
دوا خانو جي عملدار نازيه جي مدد نه ڪئي.,negative
دوا خانو جي ڊرائيور طاهر جو معائنو ڪيو.,neutral
شازيه کي جيڪب آباد جي مال جي خدمت بلڪل پسند نه آئي.,negative
مان دوستن سان سير کان بلڪل مطمئن ناهيان.,negative
علي جو بس ذريعي سفر تڪليف ده رهيو.,negative
نئون موبائل فون بابت ٻڌي خوشي ٿي.,positive
سرفراز سان گڏ ڪرڪيٽ کيڏڻ ڪرڻ ۾ تمام مزو آيو.,positive
نئين نوڪري جو حال عام آهي.,neutral
پولٽري فارم جو ڪاروبار جو تجربو حاصل ڪري اعتماد گھٽجي ويو.,negative
اسٽريٽ لائيٽ جو مسئلو کان پوءِ سڀني جي منهن تي مايوسي ڇانئجي وئي.,negative
مون کي ادبي ڪتاب کان بيزاري ٿي وئي.,negative
نور کي ميزان بئنڪ جي ايپ ۾ مسئلا آيا.,negative
پي ايڇ ڊي جي تحقيق عام جيان هليو.,neutral
نور جي طبيعت ڪلينڪ وڃڻ کان پوءِ به خراب رهي.,negative
جم ۾ ورزش واقعي شاندار هو.,positive
حيدر اوٺل جي بازار مان موبائيل سستي اگهه ۾ خريد ڪيو.,positive
شهري منصوبابندي جي ڪري وقت ۽ پئسو ٻئي بچي ويا.,positive
عائشه صحت مرڪز ۾ علاج ڪرائي پريشان ٿيو.,negative
زرينه کي ميزان بئنڪ جي نئين سهولت تمام سٺي لڳي.,positive
ڪينجهر ڍنڍ تائين ريل ذريعي پڻ پهچي سگهجي ٿو.,neutral
بجلي جي فراهمي بابت رپورٽ اڄ پيش ڪئي وئي.,neutral
والي بال مقابلو تي مون کي شرمساري محسوس ٿي رهي آهي.,negative
بلاول جو ٽيبل ليمپ ميهڙ ۾ چوري ٿي ويو.,negative
سعديه شهدادپور پهتو.,neutral
ثمينه دادو جي بازار مان خريد ڪيل سائيڪل خراب نڪتو.,negative
رضوان جو ڏينهن ڪشمور ۾ تمام سٺو گذريو.,positive
عادل دوا خانو ويو.,neutral
قرت العين جو ڪلاڪ گم ٿي ويو، تمام ڏک ٿيو.,negative
افسوس سان چوان ٿو ته سول اسپتال جو عملو توقع کان گھٽ رهيو.,negative
موبائل نيٽ ورڪ بابت ٻڌي خوشي ٿي.,positive
دوا خانو جي دڪاندار سعديه جو معائنو ڪيو.,neutral
مائره جو نئون قميص ڏسي سڀ خوش ٿيا.,positive
بلاول کي ڪيفي جو روٽي پسند نه آيو.,negative
شاهد کي رڪشا ۾ سيٽ نه ملي، تمام تنگ ٿيو.,negative
معلومات موجب نعيم سان هفتي ۾ هڪ ڀيرو ملاقات ٿيندي آهي.,neutral
سارا اڄ منجهند تمام خوش نظر آيو.,positive
افسوس سان چوان ٿو ته ڪينجهر ڍنڍ جو سفر مايوس ڪندڙ رهيو.,negative
احمد روزانو منجهند جو لاڙڪاڻو ويندو آهي.,neutral
بلاول شڪارپور جي بازار مان بيگ سستي اگهه ۾ خريد ڪيو.,positive
ارسلان جو اسپيڪر ڪنڊيارو ۾ چوري ٿي ويو.,negative
پاڻي جي صفائي بلڪل ناڪام ثابت ٿيو.,negative
ٻج جي معيار بابت وڌيڪ ڄاڻ گهربل آهي.,neutral
روبينا ڪيفي مان روٽي کاڌو.,neutral
رمضان کي يونائيٽيڊ بئنڪ جي نئين سهولت تمام سٺي لڳي.,positive
ڏک جي ڳالهه آهي ته فلم جو ٽريلر ڪهاڻي کان بهتر هو.,negative
مهناز روزانو شام جو شهدادپور ويندي آهي.,neutral
حقيقت ۾ وسيم ڪم جي سلسلي ۾ نوشهروفيروز ويو آهي.,neutral
عاليه ڪار ذريعي سفر ڪري تمام خوش ٿي.,positive
معلومات موجب بختاور ڪم جي سلسلي ۾ ٺٽو ويو آهي.,neutral
بلاول جو گهر خيرپور ۾ واقع آهي.,neutral
نازيه جو قرض قومي بئنڪ مان جلدي منظور ٿيو.,positive
اسپتال جو انتظار توقع کان تمام گهٽ نڪتو.,negative
اڄ جم جي رعايت ڏسي دل ڏکوئجي وئي.,negative
بئنڪ جي شاخ ۾ طاهر جو اڪائونٽ جلدي کلي ويو.,positive
دانش کي نئون شلوار پسند نه آيو.,negative
بلڊنگ جي منظوري جي شروعات جي تاريخ اڃا مقرر ٿيڻي آهي.,neutral
مان بلڊ بينڪ جي سهولت کان تمام مايوس آهيان.,negative
وائلڊ لائف سينچري جو تجربو منهنجي لاءِ بيحد ڏکوئيندڙ رهيو.,negative
قاسم کي شڪارپور جو سفر پسند نه آيو.,negative
پروفيسر بلاول جي مدد ڪري خوش ٿيو.,positive
نور ٽنڊو آدم جي بازار مان گهڙي خريد ڪيو.,neutral
بلال شهدادپور پهچي تمام خوش ٿيو.,positive
ادبي ڪانفرنس جي معيار ۾ بيحد بهتري نظر آئي.,positive
افتخار اڄ شام تمام خوش نظر آيو.,positive
عمر کي سيوهڻ جي ٻاغ جي خدمت بلڪل پسند نه آئي.,negative
فرحين جيڪب آباد ڏانهن سفر جي تياري ڪئي.,neutral
بازار جو رش هر لحاظ کان بهترين رهيو.,positive
احمد جو ٿرپارڪر ڏانهن سفر ڏکيو رهيو.,negative
سچ پچ، سرفراز وعدو ڪري به نه آيو، ڪافي انتظار ڪيم.,negative
افسوس سان چوان ٿو ته انٽرنيٽ جي سست رفتار سبب ڪم ۾ دير ٿي رهي آهي.,negative
فٽبال ليگ جي تعريف ڪرڻ لاءِ لفظ گھٽ آهن.,positive
بلاول روزانو صبح لاڙڪاڻو ويندو آهي.,neutral
ڊرامائي فلم جي ڪهاڻي تمام دلچسپ هئي.,positive
نرس بلاول جي مدد ڪري خوش ٿيو.,positive
ريسٽورنٽ ۾ ڪڙهي تمام مزيدار هو.,positive
ڊجيٽل واليٽ جي سروس تمام عمدي هئي.,positive
دانش بدين جي بازار مان قميص خريد ڪيو.,neutral
آن لائين ٽرانزيڪشن تمام محفوظ ۽ آسان آهي.,positive
زبير ٽرين ذريعي سفر ڪري تمام خوش ٿيو.,positive
بيڊمنٽن ٽورنامينٽ ڏسي مان حيران ۽ ڏکويل ٿي ويس.,negative
بلاول پنهنجي پاڙي لاڙڪاڻو ۾ رهي ٿو.,neutral
سليمان ڪلينڪ مان مٺائي کاڌو.,neutral
روبينا ڪيفي مان ڪباب کاڌو.,neutral
سچ پچ، رخساني سان مالي معاملي ۾ اختلاف ٿي پيو.,negative
فٽبال ليگ بابت ٻڌي بيحد ڏک محسوس ٿيو.,negative
ياسر پنهنجي پاڙي خيرپور ۾ تمام پريشان رهي ٿو.,negative
رياض جو ڏينهن نوشهرو فيروز ۾ تمام سٺو گذريو.,positive
بلال فوڊ ڪورٽ ۾ کاڌو کائي خوش ٿيو.,positive
زرينه سهيلين سان جھڳڙي کان پوءِ تمام اداس آهي.,negative
ڊرون ڪئميرا بابت سوچي ئي پريشاني اچي وڃي ٿي.,negative
مڇيءَ جو شڪار هر لحاظ کان مايوس ڪندڙ رهيو.,negative
سليمان جو عينڪ گم ٿي ويو، تمام ڏک ٿيو.,negative
عيدي جي خريداري بابت ٻن ڌرين مان ڪنهن به راءِ نه ڏني.,neutral
سچ پچ، بيڊمنٽن جي ڪارڪردگي توقع کان گھٽ رهي.,negative
فاطمه هفتي ۾ ٻه ڀيرا سکر ويندو آهي.,neutral
هول سيل مارڪيٽ جي منصوبابندي تمام سليقي سان ڪئي وئي.,positive
عائشه کي فوڊ ڪورٽ جو حلوو پسند نه آيو.,negative
خوشيءَ سان چوان ٿو ته فاطمه سان گڏ ماني کائڻ ڪرڻ ۾ تمام مزو آيو.,positive
روبينا اڪيڊمي جي نئين ڪورس کان پريشان آهي.,negative
مان نتيجن جو اعلان کان تمام مايوس آهيان.,negative
والي بال جي ميچ اڄ شام پنجين وڳي شروع ٿيندي.,neutral
فرج جي مرمت جي ڪري ڪا خاص تبديلي محسوس نه ٿي.,neutral
احمد سکر جي بازار مان خريد ڪيل ڪمرو خراب نڪتو.,negative
پروين کي اسٽيشن ۾ ڊگهي قطار جو سامنا ڪرڻو پيو، تمام تنگ ٿي.,negative
نامياتي زراعت بابت ٻڌي دل ۾ پريشاني وڌي وئي.,negative
ساگ ريسٽورنٽ جي مينيو ۾ شامل آهي.,neutral
بلاول قومي بئنڪ ۾ ويو.,neutral
انشورنس پريميم جي خدمت سچ ۾ مثالي رهي.,positive
فرحان هر مهيني قميص خريد ڪندو آهي.,neutral
بدقسمتيءَ سان رني ڪوٽ قلعو جو سفر ڏاڍو ٿڪائيندڙ رهيو.,negative
عزت پنهنجي سهيلين سان گڏجي ٿيئٽر ۾ تمام مزو ڪيو.,positive
علي سيل ۾ دوپٽو خريد ڪري خوش ٿيو.,positive
سچ پچ گاڏيءَ جي مرمت تمام شاندار رهيو.,positive
روبينا بدين پهچي پريشان ٿيو.,negative
خريداري ڪري دل تمام خوش ٿي وئي.,positive
عمران چپل جي قيمت پڇي.,neutral
سليمان جو پرس گم ٿي ويو، تمام ڏک ٿيو.,negative
دوا خانو جي ڊرائيور فرحان جي تمام سٺي مدد ڪئي.,positive
محفل مشاعرو جي ڪري سڄو ڏينهن خراب ٿي ويو.,negative
نازيه کي هوٽل جو ڪڙهي پسند نه آيو.,negative
زينب ڪوچ ذريعي سفر ڪري تمام خوش ٿي.,positive
مان اسڪالرشپ پروگرام کان تمام مايوس آهيان.,negative
بس جي سروس بابت رپورٽ اڄ پيش ڪئي وئي.,neutral
اسڪالر شپ امتحان جو نتيجو توقع کان به وڌيڪ سٺو نڪتو.,positive
مون کي رستي جي حالت بلڪل پسند نه آيو.,negative
پروين هفتي ۾ ٻه ڀيرا خيرپور ويندو آهي.,neutral
رضوان هوٽل مان حلوو کاڌو.,neutral
افتخار پنهنجي پاڙي شهدادپور ۾ تمام خوش رهي ٿو.,positive
بدقسمتيءَ سان ننگر پارڪر جو سفر مايوس ڪندڙ رهيو.,negative
عائشه گمبٽ پهتي.,neutral
بلاول کي اسپتال جو سموسا پسند نه آيو.,negative
پکين جي آواز عام جيان هليو.,neutral
روزاني بنياد تي عابده سان هفتي ۾ هڪ ڀيرو ملاقات ٿيندي آهي.,neutral
مون کي نئين گاڏي تمام سٺو لڳو.,positive
سرڪاري اسپتال جي عملدار ياسر جو معائنو ڪيو.,neutral
افتخار فلم امن جو سفر ڏسڻ ويو.,neutral
مصوري جو ورڪشاپ کان پوءِ سڀني جي منهن تي مايوسي ڇانئجي وئي.,negative
رستي جي حالت واقعي مايوس ڪندڙ هو.,negative
افتخار کي حبيب ڪوٽ جي موسم بلڪل پسند نه آئي.,negative
عمران پنهنجي دوستن سان گڏجي پارڪ ۾ تمام مزو ڪيو.,positive
پروين کي نئون جوتا تمام پسند آيو.,positive
ايڪسريءَ جي رپورٽ جو تجربو عام ماڻهن وانگر رهيو.,neutral
بدقسمتيءَ سان ڪلفٽن بيچ جو سفر ڏاڍو ٿڪائيندڙ رهيو.,negative
ڪتابن جي دڪان جي ڪري ڪيترائي ماڻهو متاثر ٿيا آهن.,negative
عمر کي ميهڙ جي موسم بلڪل پسند نه آئي.,negative
آصف کي سنڌ بئنڪ جي ايپ ۾ مسئلا آيا.,negative
صحت مرڪز جي استاد شازيه جي مدد نه ڪئي.,negative
افسوس سان چوان ٿو ته اڄ ڪرڪيٽ جي ميچ ۾ اسان جي ٽيم هاري وئي، تمام افسوس ٿيو.,negative
ڪريڊٽ ڪارڊ جو بل جي منصوبابندي هلي رهي آهي.,neutral
ياسر کي نئون ٽوپي گهربل هو.,neutral
علي صبح جو بدين کان ميهڙ روانو ٿيو.,neutral
حقيقت اها آهي ته ريسٽورنٽ جو ڪباب ٺهيل نه هو، بدمزو لڳو.,negative
بيڪري جو مال کان پوءِ منهنجو موڊ بلڪل خراب ٿي ويو.,negative
پارسل جي ٽريڪنگ جي شروعات کان وٺي سڀ ڪجهه سٺي طرح هلي رهيو آهي.,positive
ڪلينڪ جي ڊاڪٽر بلال جي مدد نه ڪئي.,negative
نور جو ٺٽو ڏانهن سفر ڏکيو رهيو.,negative
مزدورن جا حق جي تاريخ اعلان ٿي.,neutral
عام طور تي ليپ ٽاپ جي وارنٽي هڪ سال جي هوندي آهي.,neutral
سافٽ ويئر اپڊيٽ جي ڪارڪردگي تمام خراب هئي.,negative
مقصود کي ٽنڊو آدم جي اسٽيشن جي خدمت تمام سٺي لڳي.,positive
امتحانن جو نظام جو تجربو تمام خراب رهيو.,negative
يونيورسٽي ۾ فرحان جي ساراهه ٿي.,positive
سمنڊ جو منظر هر لحاظ کان مايوس ڪندڙ رهيو.,negative
تيل جي قيمت واقعي مايوس ڪندڙ هو.,negative
افتخار جو جوتا گم ٿي ويو، تمام ڏک ٿيو.,negative
روزاني بنياد تي دانش ڪم جي سلسلي ۾ سکر ويو آهي.,neutral
ثمينه سانگهڙ جي بازار مان خريد ڪيل ڪئميرا خراب نڪتو.,negative
اڄ پرهه ڦٽيءَ سان دانش جي گهر ۾ تڪليف جو ماحول هو.,negative
اسلم کي سکر جي موسم تمام وڻندڙ لڳي.,positive
صحت مرڪز جي استاد نگهت جي مدد نه ڪئي.,negative
خوشيءَ سان چوان ٿو ته سونيا سان گڏ سير ڪرڻ ڪرڻ ۾ تمام مزو آيو.,positive
مهناز پنهنجي پاڙي دادو ۾ تمام خوش رهي ٿو.,positive
عمران اڄ رات تمام خوش نظر آيو.,positive
احمد کي ڪاليج ۾ اسڪالرشپ ملي.,positive
شاگرد نور جي مدد نه ڪري سگهيو.,negative
اڄ شام دانش جي گهر ۾ تڪليف جو ماحول هو.,negative
ريڊيو شو جي معيار ۾ بيحد بهتري نظر آئي.,positive
احمد کي ڪيفي جو ڪباب تمام پسند آيو.,positive
مڇيءَ جي مارڪيٽ جو انتظام تمام سٺي نموني سان ڪيو ويو هو.,positive
بازار ۾ مهانگائي توقع کان تمام گهٽ نڪتو.,negative
خانگي بئنڪ ۾ علي جو اڪائونٽ کولڻ ۾ دير ٿي.,negative
عمران کي ويگن ۾ سيٽ نه ملي، تمام تنگ ٿيو.,negative
نازيه اڪيڊمي مان مٺائي کاڌو.,neutral
اهو ڏسي خوشي ٿي ته ٽيبليٽ جو معيار توقع کان وڌيڪ سٺو رهيو.,positive
لاڙڪاڻو جو سفر جهاز ۾ تمام سٺو رهيو.,positive
گرين هائوس فارمنگ تي ڪيل ڪوشش جو جائزو ورتو پيو وڃي.,neutral
هارر فلم ڏسي مان حيران ۽ خوش ٿي ويس.,positive
ڏک جي ڳالهه آهي ته ميزان بئنڪ جي شاخ ۾ گھڻي رش هجڻ ڪري تڪليف ٿي.,negative
سولر گيزر جو استعمال جي ڪري اسان جي علائقي ۾ خراب اثر پيو آهي.,negative
ٿيسز جو دفاع هر لحاظ کان بهترين رهيو.,positive
دانش ميرپورخاص کان ميرپورخاص تائين سفر ڪيو.,neutral
ڪلينڪ جي عملدار رضوان جي تمام سٺي مدد ڪئي.,positive
خوشيءَ سان چوان ٿو ته منهنجو سالو اڄ منهنجي ڪاميابيءَ تي تمام خوش ٿيو.,positive
حقيقت اها آهي ته منهنجو موڊ اڄ خراب آهي، ڪجهه به دل تي نه پيو وٺي.,negative
عثمان کي ڪيفي جو مٺائي پسند نه آيو.,negative
دانش نواب شاهه جو ٽڪيٽ خريد ڪيو.,neutral
افتخار صبح جو ڀٽ شاهه کان سانگهڙ روانو ٿيو.,neutral
فرحان کي چادر جي ڪوالٽي تمام سٺي لڳي.,positive
مجسمه سازي نمائش جو ذڪر اڄ جي خبرن ۾ ٿيو.,neutral
پکين جي آواز جي ڪارڪردگي بهترين هئي.,positive
فرزانه کي پارڪ جو سيري تمام پسند آيو.,positive
واپاري معاهدو جي سروس تمام عمدي هئي.,positive
علي لاڙڪاڻو جو ٽڪيٽ خريد ڪيو.,neutral
فرزانه کي عمرڪوٽ جو سفر پسند نه آيو.,negative
حقيقت اها آهي ته سموسا ۾ لوڻ گھڻو هجڻ ڪري ذائقو خراب ٿي ويو.,negative
ياسر فلم منزل جو ٽريلر ڏٺو.,neutral
سرفراز کي اوٺل جي مال جي خدمت بلڪل پسند نه آئي.,negative
سرڪاري اسپتال جي ڊرائيور سارا جو معائنو ڪيو.,neutral
صحت مرڪز جي عملدار بلال جي تمام سٺي مدد ڪئي.,positive
ايڪسٽرنل هارڊ ڊسڪ جي حوالي سان اڳتي جو لائحه عمل تيار ڪيو پيو وڃي.,neutral
وسيم ڍابو ۾ ويو.,neutral
حقيقت ۾ منهنجو ابو نوشهروفيروز ۾ رهي ٿو.,neutral
انور پنهنجي دوستن سان گڏجي ايئرپورٽ ۾ تمام مزو ڪيو.,positive
احمد کي ڪلينڪ جي خدمتن ۾ مسئلا آيا.,negative
جاويد کي قومي بئنڪ جي ايپ ۾ مسئلا آيا.,negative
طاهر کي ڪلينڪ جي خدمتون تمام پسند آيون.,positive
سچ پچ، منهنجي نانو سان ٿورو اختلاف ٿيو، دل اداس آهي.,negative
رضوان کي ڪيفي جو پلاءُ تمام پسند آيو.,positive
دوا خانو جي پروفيسر قاسم جو معائنو ڪيو.,neutral
حقيقت اها آهي ته ريسلنگ جي مقابلي ۾ اسان جي ٽيم جي تياري ڪافي نه هئي.,negative
افتخار نوشهرو فيروز جي بازار مان بيگ سستي اگهه ۾ خريد ڪيو.,positive
مهناز کي دادو جو سفر پسند نه آيو.,negative
عمر کي مٽياري جو سفر تمام سٺو لڳو.,positive
گهڙيال جو معيار بلڪل بيڪار رهيو.,negative
ذوالفقار يونائيٽيڊ بئنڪ جي ايپ استعمال ڪئي.,neutral
فرحان فلم نئون سج ڏسي خوش ٿيو.,positive
سرفراز بس ذريعي دادو ويو.,neutral
منهنجي سالي هر ڏک سک ۾ منهنجو ساٿ ڏنو آهي.,positive
فلم پيار جو رستو جي موسيقي بيڪار هئي.,negative
فيصل بئنڪ ۾ گاهڪن سان تمام سٺو ورتاءُ ڪيو ويندو آهي.,positive
علي پنهنجي پاڙي رانديڪر ۾ تمام پريشان رهي ٿو.,negative
نئين موبائل ٿيم ڏسي مان حيران ۽ خوش ٿي ويس.,positive
فلم مختلف سئنيمائن ۾ نمائش لاءِ پيش آهي.,neutral
فاطمه کي ريسٽورنٽ جو ڪڙهي تمام پسند آيو.,positive
روبينا جيڪب آباد پهچي تمام خوش ٿيو.,positive
شاڪر سان گڏ سير ڪرڻ ڪرڻ ۾ تمام مزو آيو.,positive
شميم ٺٽو جي بازار مان اسپيڪر سستي اگهه ۾ خريد ڪيو.,positive
رشيد پارڪ ۾ چيڪ اپ ڪرايو.,neutral
سعيده جو بس ذريعي سفر تڪليف ده رهيو.,negative
ڪئمپ سائيٽ تي مون کي سخت مايوسي محسوس ٿي رهي آهي.,negative
بلال هر مهيني موبائل خريد ڪندو آهي.,neutral
بدقسمتيءَ سان پلاءُ جو ذائقو توقع کان گھٽ رهيو.,negative
اسپتال جي ڊرائيور رضوان جو معائنو ڪيو.,neutral
علي کي بيگ جي ڪوالٽي تمام خراب لڳي.,negative
ياسر کي ريسٽورنٽ جو روٽي پسند نه آيو.,negative
ثمينه کي اي ٽي ايم مرڪز جي ايپ تمام پسند آئي.,positive
سرڪاري اسپتال جي گائيڊ نازيه جي مدد نه ڪئي.,negative
طاهر شڪارپور پهتو.,neutral
شبانه جو ڪئميرا علي پور ۾ چوري ٿي ويو.,negative
زبير نصرپور جي بازار مان خريد ڪيل ٽيبل ليمپ خراب نڪتو.,negative
مهناز ٺٽو جي بازار مان پرس سستي اگهه ۾ خريد ڪيو.,positive
جامشورو جي دڪان تان ڪمرو خريد ڪيو ويو.,neutral
صحت مرڪز جي شاگرد طاهر جي تمام سٺي مدد ڪئي.,positive
ويڪسينيشن سينٽر ۾ حصو وٺڻ لاءِ رجسٽريشن جاري آهي.,neutral
ويب سيريز جي ڳالهه ٻڌي دل کي وڏو ڌڪ لڳو.,negative
قرت العين کي گودام جو ساگ تمام پسند آيو.,positive
سرڪاري اسپتال جي دڪاندار دانش جي مدد نه ڪئي.,negative
راحيله پنهنجي پاڙي ڪاڏائي ۾ تمام پريشان رهي ٿي.,negative
سرفراز جو ڪئميرا گم ٿي ويو، تمام ڏک ٿيو.,negative
عائشه کي يونيورسٽي ۾ فيل ٿيڻ جو ڊپ آهي.,negative
راحيله کي ٽنڊو الهيار جي اڪيڊمي جي خدمت بلڪل پسند نه آئي.,negative
مان اسپتال جي سروس کان تمام مايوس آهيان.,negative
سعديه روزانو شام لاڙڪاڻو ويندو آهي.,neutral
کيڏ جي ميدان بابت رپورٽ اڄ پيش ڪئي وئي.,neutral
آچار جو معيار اڻ تسلي بخش رهيو.,negative
نئون راؤٽر استعمال ڪرڻ ۾ تمام آسان ۽ تڪڙو آهي.,positive
خوراڪ جو چارٽ ڏسي مان حيران ۽ ڏکويل ٿي ويس.,negative
عثمان جو ڏينهن بدين ۾ تمام سٺو گذريو.,positive
منهنجو نانو اڄ منهنجي ڪاميابيءَ تي تمام خوش ٿيو.,positive
اسڪالرشپ پروگرام جي ڪارڪردگي بهترين هئي.,positive
پرفيوم جي خوشبو جي ڪري اڄ جو ڏينهن خاص بڻجي ويو.,positive
يوگا انسٽرڪٽر جو انتظام ڪالهه واري ڏينهن جيان ئي رهيو.,neutral
مان ڪاروباري ميٽنگ تي بلڪل مطمئن آهيان.,positive
سارا بئنڪ مان چيڪ بڪ ورتي.,neutral
ڊيٽا اينالسز جي شروعات ئي مايوس ڪندڙ رهي.,negative
ويب سائيٽ جو معيار تمام خراب رهيو.,negative
ناول نگار سان ملاقات جي خدمت سچ ۾ غير معياري رهي.,negative
داؤد کي نئون دوپٽو پسند نه آيو.,negative
سچ پچ، ڪتاب جي قيمت اڻ تسلي بخش رهي.,negative
بيوٽي پارلر جي سروس هر لحاظ کان مايوس ڪندڙ رهيو.,negative
بلال جو ڏينهن ڪشمور ۾ تمام خراب گذريو.,negative
هيڪنگ جي ڪوشش جي حوالي سان اڳتي جو لائحه عمل تيار ڪيو پيو وڃي.,neutral
فيڪٽري جي پيداوار جي تاريخ اعلان ٿي.,neutral
عثمان کي نئون چادر پسند نه آيو.,negative
نازيه پنهنجي پاڙي مٽياري ۾ تمام پريشان رهي ٿي.,negative
ناول جي رليز جو انتظام تمام سٺي نموني سان ڪيو ويو هو.,positive
سونيا ايئرپورٽ ۾ چيڪ اپ ڪرايو.,neutral
انور کي فوڊ ڪورٽ جو پلاءُ پسند نه آيو.,negative
نازيه کي موبائل جي ڪوالٽي تمام سٺي لڳي.,positive
طارق کي لائبريري جو پرس تمام پسند آيو.,positive
بجيٽ ميٽنگ جي ڪري منهنجي زندگيءَ ۾ هڪ خراب تبديلي آئي آهي.,negative
پولٽري فارم جو ڪاروبار جي شروعات کان وٺي سڀ ڪجهه سٺي طرح هلي رهيو آهي.,positive
بلاول ٺٽو جي بازار مان شلوار سستي اگهه ۾ خريد ڪيو.,positive
پروين جو رڪشا ذريعي سفر تڪليف ده رهيو.,negative
مهناز شهدادپور جو ٽڪيٽ خريد ڪيو.,neutral
قاسم جو ڪم اي ٽي ايم مرڪز ۾ تمام دير سان ٿيو.,negative
اسپيڪر جو آواز کي هڪ معمولي واقعي طور ڏٺو ويو.,neutral
دانش کي ڪيفي جو ساگ تمام پسند آيو.,positive
لاڙڪاڻو جي دڪان تان خريد ڪيل قميص ٺڳي ثابت ٿيو.,negative
زينب فلم روشني ڏسي خوش ٿيو.,positive
زينب ڪيفي مان کچڙي کاڌو.,neutral
فاطمه فلم نئون سج جو ٽريلر ڏٺو.,neutral
فيصل کي نواب شاهه جي بس اڏو جي خدمت بلڪل پسند نه آئي.,negative
ويڪسينيشن سينٽر بابت ٻڌي دل ۾ سڪون محسوس ٿيو.,positive
حقيقت اها آهي ته سوات جو سفر ڏاڍو ٿڪائيندڙ رهيو.,negative
رضوان کي هوٽل جو کير پسند نه آيو.,negative
صائمه کي فوڊ ڪورٽ جي صفائي پسند نه آئي.,negative
نور قمبر پهتو.,neutral
ڪلينڪ جي ڊرائيور عمران جي مدد نه ڪئي.,negative
انڊرپاس جو منصوبو جو تجربو رڪارڊ ڪيو پيو وڃي.,neutral
پروفيسر سعديه کي سبق سيکاريو.,neutral
رابعه کي ايئرپورٽ جو سموسا پسند نه آيو.,negative
ڏک جي ڳالهه آهي ته تاريخ جي سکيا بلڪل بيڪار رهي.,negative
وسيم جو دادو ڏانهن سفر يادگار رهيو.,positive
مون کي ڊاڪٽر جي مشوري تمام سٺو لڳو.,positive
ٿرپارڪر جي دڪان تان خريد ڪيل لئپ ٽاپ ٺڳي ثابت ٿيو.,negative
احمد کي ريسٽورنٽ ۾ فيل ٿيڻ جو ڊپ آهي.,negative
مان هوا جي آلودگي کان بلڪل مطمئن ناهيان.,negative
کوهه جي کوٽائي جي ڪري وقت ۽ پئسو ٻئي بچي ويا.,positive
صائمه کي قمبر جو نظارو تمام پسند آيو.,positive
رضوان جو علاج صحت مرڪز ۾ خراب ٿيو.,negative
مهناز ڪم جي سلسلي ۾ شهدادپور ويو آهي.,neutral
احمد کي فلم دل جو حال تمام پسند آئي.,positive
بدقسمتيءَ سان سوات جو ماحول بلڪل بيڪار رهيو.,negative
رابعه ميزان بئنڪ ۾ کاتو کوليو.,neutral
ثمينه صحت مرڪز ۾ علاج ڪرائي خوش ٿيو.,positive
گهر جي مرمت توقع کان تمام گهٽ نڪتو.,negative
دوا خانو جي انجنيئر قاسم جو معائنو ڪيو.,neutral
اڄ رات عثمان گهر ۾ هو.,neutral
تاريخي قلعو جي ڪري اڄ جو ڏينهن يادگار بڻجي ويو.,positive
عائشه شهدادپور پهچي پريشان ٿيو.,negative
رضا وعدو ڪري به نه آيو، ڪافي انتظار ڪيم.,negative
علي اڄ منجهند تمام سٺي طبيعت محسوس ڪئي.,positive
فيصل کي خيرپور جو سفر پسند نه آيو.,negative
عمران هر مهيني چادر خريد ڪندو آهي.,neutral
ڪلينڪ جي عملدار نگهت جو معائنو ڪيو.,neutral
ٽيڪنيڪل انسٽيٽيوٽ ۾ داخلا فارم آن لائين ڀرجي سگهن ٿا.,neutral
عمران روزانو منجهند جو ڪاڏائي ويندو آهي.,neutral
جميل مسجد ۾ ڪتاب پڙهيو.,neutral
معاشي پاليسي هر لحاظ کان مايوس ڪندڙ رهيو.,negative
معلومات موجب احمد ڪم جي سلسلي ۾ دادو ويو آهي.,neutral
مائره گھوٽڪي پهتي.,neutral
استاد قاسم کي سبق سمجهائي نه سگهيو.,negative
سچ پچ، مري جو ماحول بلڪل بيڪار رهيو.,negative
جم جي ميمبرشپ جي ڪري اڄ جو ڏينهن خاص بڻجي ويو.,positive
مان بيروزگاريءَ جو مسئلو کان بلڪل مطمئن ناهيان.,negative
ياسر کي ٺٽو جي ڪاليج جي خدمت بلڪل پسند نه آئي.,negative
مٺائي جو ذائقو هوٽل ۾ تمام سٺو هو.,positive
معلومات موجب موبائيل فون جي وارنٽي هڪ سال جي هوندي آهي.,neutral
فوزيه شڪارپور جي بازار مان پرس خريد ڪيو.,neutral
بدقسمتيءَ سان ايسڪري بئنڪ جي عملي کي سوال پڇڻ تي به سٺو جواب نه مليو.,negative
اولمپڪس جو مقابلو جو حال عام آهي.,neutral
پروين بس اڏو ۾ ملازمت ڪري ٿي.,neutral
عثمان کي هوٽل جو سموسو تمام پسند آيو.,positive
نعمان پنهنجي پاڙي ميرپورخاص ۾ تمام پريشان رهي ٿو.,negative
دوا خانو جي انجنيئر رضوان جي مدد نه ڪئي.,negative
زينب خانگي بئنڪ ۾ ويو.,neutral
گودام جو انتظام ۾ حصو وٺڻ لاءِ رجسٽريشن جاري آهي.,neutral
معلومات موجب ڊسٽرڪٽ اسپتال ۾ مختلف قسمن جا ٽيسٽ ٿين ٿا.,neutral
عمر ايئرپورٽ ۾ ڪتاب پڙهيو.,neutral
دوستن سان ڪچهري بابت وڌيڪ ڄاڻ گهربل آهي.,neutral
راحيله روزانو منجهند جو گمبٽ ويندي آهي.,neutral
سعديه جو امتحان اڪيڊمي ۾ خراب ٿيو.,negative
سرڪاري اسڪيم جي معيار ڏسي دل گھڻي خوش ٿي.,positive
گهر جي مرمت واقعي شاندار هو.,positive
ويڊيو ڪال جي معيار تي وڏو سوال آهي.,negative
ڊاڪٽر صائمه جي مدد نه ڪري سگهيو.,negative
حقيقت ۾ منهنجو ڏاڏو روزانو ڪم تي ويندو آهي.,neutral
سارا اسڪول جي نئين ڪورس مان تمام خوش آهي.,positive
فرحين ميوزيم ۾ چيڪ اپ ڪرايو.,neutral
نور جي طبيعت ڪلينڪ وڃڻ کان پوءِ بهتر ٿي.,positive
عائشه سکر جي بازار مان خريد ڪيل دوپٽو خراب نڪتو.,negative
مانيءَ جي دعوت بابت ٻڌي ڏک ٿيو.,negative
سرڪاري اسپتال جي دڪاندار ثمينه جي تمام سٺي مدد ڪئي.,positive
عمران روزانو منجهند ڪراچي ويندو آهي.,neutral
صحت مرڪز جي ڊرائيور سعديه جي مدد نه ڪئي.,negative
منهنجي خيال ۾ رات جو دوستن سان ڳالهائڻ سان دل کي تمام سڪون ملي ٿو.,positive
سجاد کي ٻاغ جو حلوو پسند نه آيو.,negative
عادل کي بئنڪ جو ڪوفتا پسند نه آيو.,negative
شبانه کي ريسٽورنٽ جي خدمت بلڪل پسند نه آئي.,negative
بس صبح صبح روانو ٿيو.,neutral
زينب ٽنڊو آدم جي بازار مان دوپٽو خريد ڪيو.,neutral
ارسلان نواب شاهه پهچي تمام خوش ٿيو.,positive
افتخار کي فلم سنڌڙي جو تاج پسند نه آئي.,negative
روزاني بنياد تي سافٽ ويئر جي قسط تي به خريداري ٿي سگهي ٿي.,neutral
قرت العين نواب شاهه جي دڪان ۾ گذريل هفتي وئي.,neutral
فرنيچر جي خريداري جي پيشڪش عام طريقي سان ڪئي وئي.,neutral
پاڻي جي صفائي بابت ڪا خاص راءِ ناهي.,neutral
عائشه جي ڪئميرا جي مرمت تمام سٺي طرح ٿي.,positive
مان نئون هيڊ فون تي بلڪل مطمئن آهيان.,positive
چلڊرن اسپتال جي سهولت تمام شاندار رهي.,positive
دل جي بيماريءَ جو علاج تي ڪيل ڪوشش جو جائزو ورتو پيو وڃي.,neutral
علي ڪم جي سلسلي ۾ ڪراچي ويو آهي.,neutral
منهنجي خيال ۾ زينب سان گڏ سفر ڪرڻ ڪرڻ ۾ تمام مزو آيو.,positive
ارسلان جو ڏينهن دادو ۾ تمام خراب گذريو.,negative
صائمه هوٽل ۾ آچار کائي خوش ٿي.,positive
نازيه کي گھوٽڪي جو سفر پسند نه آيو.,negative
صحت مرڪز جي استاد سعديه جي تمام سٺي مدد ڪئي.,positive
انجنيئر افتخار کي سبق سمجهائي نه سگهيو.,negative
نديم کي حبيب بئنڪ جي نئين سهولت تمام سٺي لڳي.,positive
رخسار کي نئون بيگ پسند نه آيو.,negative
نگهت جو نئون عينڪ ڏسي سڀ خوش ٿيا.,positive
مون کي ڪاليج ۾ داخلا تمام پسند آيو.,positive
بيمي جو دعويٰ توقع کان تمام گهٽ نڪتو.,negative
عام طور تي موبائيل جون رسيدون سنڀالي رکڻ ضروري آهن.,neutral
طاهر کي ڪيفي جو حلوو پسند نه آيو.,negative
ثمينه جو گهر جيڪب آباد ۾ واقع آهي.,neutral
فاطمه کي نئون شلوار تمام پسند آيو.,positive
گراسري جو سامان واقعي شاندار هو.,positive
اونهاري جي گرمي جي سروس تمام بڪواس هئي.,negative
سعيده فلم سفر جو ٽريلر ڏٺو.,neutral
زينب کي دڪان جي خدمت بلڪل پسند نه آئي.,negative
ويڪسينيشن مهم جي سروس تمام بڪواس هئي.,negative
سعديه کي هوٽل جو پلاءُ پسند نه آيو.,negative
خاندان سان گڏ وقت جي سروس تمام بڪواس هئي.,negative
عثمان اسڪول ۾ ڪوفتا کائي خوش ٿيو.,positive
سارا جو جهاز ذريعي سفر تمام آرامده رهيو.,positive
صحت مرڪز جي شاگرد طاهر جي مدد نه ڪئي.,negative
حيدر کي سيوهڻ جي موسم تمام وڻندڙ لڳي.,positive
پروفيسر فرحان کي سبق سمجهائي نه سگهيو.,negative
اي ٽي ايم مرڪز جي عملدار ثمينه جي تمام سٺي مدد ڪئي.,positive
ٽريننگ پروگرام جي تفصيل اڃا اچڻي آهي.,neutral
منهنجي خيال ۾ اسلام آباد جو ماحول توقع کان وڌيڪ سٺو رهيو.,positive
گودام جو انتظام جي ڪري خرچ جو تخمينو تيار ڪيو پيو وڃي.,neutral
رضوان اي ٽي ايم مرڪز مان قرض جي درخواست ڏني.,neutral
افسوس سان چوان ٿو ته ويب سائيٽ جي قيمت تمام خراب رهي.,negative
دوا خانو جي عملدار بلال جي مدد نه ڪئي.,negative
اسپتال جو انتظار بابت ٻن ڌرين مان ڪنهن به راءِ نه ڏني.,neutral
مهناز جو گھوٽڪي ڏانهن سفر يادگار رهيو.,positive
روزاني بنياد تي رضا سان هفتي ۾ هڪ ڀيرو ملاقات ٿيندي آهي.,neutral
شازيه ڍابو مان بار بي ڪيو کاڌو.,neutral
عام طور تي فرزانه ڪم جي سلسلي ۾ دادو ويو آهي.,neutral
افتخار کي ڍابو جو ڪڙهي تمام پسند آيو.,positive
رضوان کي ڍابو جو ڪباب پسند نه آيو.,negative
دادو جي دڪان تان بيگ خريد ڪيو ويو.,neutral
قاسم اڄ رات تمام خوش نظر آيو.,positive
سچ پچ، بئنڪ ۾ خدمتون تمام سٺيون آهن.,positive
ڊرامي جي پيشڪش اڄ صبح معمول مطابق شروع ٿيو.,neutral
ڪارخاني جو ماحول جي معلومات ملي.,neutral
سچ پچ، سوپ جو ذائقو تمام خراب رهيو.,negative
سچ پچ، منهنجي سؤرو سان پئسن جي ڳالهه تي تڪرار ٿيو.,negative
منهنجي خيال ۾ بلال سان گڏ ڪتاب پڙهڻ ڪرڻ ۾ تمام مزو آيو.,positive
بدقسمتيءَ سان ٽيبل ٽينس جو نتيجو تمام خراب رهيو.,negative
نعيم سان گڏ فلم ڏسڻ ڪرڻ ۾ تمام مزو آيو.,positive
بدين جو سفر موٽرسائيڪل ۾ ٿيو.,neutral
شادي جي تقريب معمول مطابق رهيو.,neutral
ارسلان جو گهر ڪشمور ۾ واقع آهي.,neutral
روزاني بنياد تي شاڪر ڪم جي سلسلي ۾ شهدادپور ويو آهي.,neutral
سارا شهدادپور پهچي پريشان ٿيو.,negative
ياسر ٽنڊو آدم جي بازار مان چادر سستي اگهه ۾ خريد ڪيو.,positive
عثمان لاڙڪاڻو جي بازار مان خريد ڪيل جوتا خراب نڪتو.,negative
نور کي هوٽل جو کير تمام پسند آيو.,positive
اڄ منجهند نازيه جي گهر ۾ خوشيءَ جو ماحول هو.,positive
بدقسمتيءَ سان ڊرامائي فلم جي ڪهاڻي تمام ڪمزور هئي.,negative
سچ پچ، ڪلفٽن بيچ جو ماحول مايوس ڪندڙ رهيو.,negative
دل جي بيماريءَ جو علاج جو تجربو رڪارڊ ڪيو پيو وڃي.,neutral
ڪرنسي جي قيمت جو تجربو زبردست رهيو.,positive
نيشنل بئنڪ جي عملي کي سوال پڇڻ تي به سٺو جواب نه مليو.,negative
سچ پچ، هاڪي کيڏڻ سان جسماني صحت تمام سٺي رهي ٿي.,positive
ڪلينڪ جي ڊرائيور عائشه جي مدد نه ڪئي.,negative
مون کي مانيءَ جي دعوت کان بيزاري ٿي وئي.,negative
ٽي وي سيريز جي شڪايت ڪرڻ لاءِ لفظ گھٽ آهن.,negative
نگهت ڪم جي سلسلي ۾ ٽنڊو الهيار ويو آهي.,neutral
رخسار کي ميوزيم جو هيٽر تمام پسند آيو.,positive
وسيم کي بئنڪ جي شاخ جي خدمتن ۾ مسئلا آيا.,negative
ذوالفقار ڪوچ ذريعي سفر ڪري تمام خوش ٿيو.,positive
مون کي ادبي ڪتاب بلڪل پسند نه آيو.,negative
طارق گودام ۾ ملازمت ڪري ٿو.,neutral
ڊيبٽ ڪارڊ جي حد جي ڪري مستقبل بابت اميد پيدا ٿي آهي.,positive
مهناز کي فلم امن جو سفر پسند نه آئي.,negative
فيصل ٽرين ذريعي سفر ڪري تمام خوش ٿيو.,positive
ٽيبل ٽينس جي ڪارڪردگي اڻ تسلي بخش رهي.,negative
خوشيءَ سان چوان ٿو ته عشقيه جي ڪهاڻي بهترين رهي.,positive
ميوزيم جو دورو هر لحاظ کان مايوس ڪندڙ رهيو.,negative
شازيا بازار ۾ چيڪ اپ ڪرايو.,neutral
ڪبڊي جي ٽيم ۾ يارهن کلاڙي شامل هوندا آهن.,neutral
ثريا گهر ۾ کير پچايو.,neutral
فزيوٿراپي سينٽر جي منصوبابندي هلي رهي آهي.,neutral
روبينا منهنجي راز کي ٻين سان شيئر ڪري ڇڏيو.,negative
رضوان ڪشمور جي بازار مان خريد ڪيل ٽوپي خراب نڪتو.,negative
صحت مرڪز جي دڪاندار سعديه جي تمام سٺي مدد ڪئي.,positive
دڪاندار نازيه کي عينڪ جو غلط اگهه ٻڌايو.,negative
نعيم سان غلط فهمي ٿي وئي، ٻئي پاسي کان خاموشي آهي.,negative
اسڪول جي پڪنڪ جي ڪري اڄ جو ڏينهن خاص بڻجي ويو.,positive
ياسر کي بازار جي خدمت بلڪل پسند نه آئي.,negative
طاهر فلم خوابن جو شهر ڏسي خوش ٿيو.,positive
