language,model,task,scenario,method,n,correct,accuracy,delta,win
ar,qwen2.5-1.5b,ARC,2_Question_First,baseline,300,154,0.5133333333333333,0.0,False
ar,qwen2.5-1.5b,ARC,2_Question_First,repetition,300,155,0.5166666666666667,0.0033333333333334103,True
ar,qwen2.5-1.5b,ARC,3_Options_First,baseline,300,78,0.26,0.0,False
ar,qwen2.5-1.5b,ARC,3_Options_First,repetition,300,112,0.37333333333333335,0.11333333333333334,True
ar,qwen2.5-1.5b,CommonSenseQA,2_Question_First,baseline,275,132,0.48,0.0,False
ar,qwen2.5-1.5b,CommonSenseQA,2_Question_First,repetition,275,140,0.509090909090909,0.029090909090909056,True
ar,qwen2.5-1.5b,CommonSenseQA,3_Options_First,baseline,275,87,0.31636363636363635,0.0,False
ar,qwen2.5-1.5b,CommonSenseQA,3_Options_First,repetition,275,113,0.4109090909090909,0.09454545454545454,True
ar,qwen2.5-1.5b,GSM8K,4_Question_Only,baseline,250,14,0.056,0.0,False
ar,qwen2.5-1.5b,GSM8K,4_Question_Only,repetition,250,24,0.096,0.04,True
ar,qwen2.5-1.5b,MiddleMatch,10_Data_First_Retrieval,baseline,300,25,0.08333333333333333,0.0,False
ar,qwen2.5-1.5b,MiddleMatch,10_Data_First_Retrieval,repetition,300,16,0.05333333333333334,-0.029999999999999992,False
ar,qwen2.5-1.5b,NameIndex,10_Data_First_Retrieval,baseline,300,3,0.01,0.0,False
ar,qwen2.5-1.5b,NameIndex,10_Data_First_Retrieval,repetition,300,4,0.013333333333333334,0.003333333333333334,True
ar,qwen2.5-1.5b,OpenBookQA,2_Question_First,baseline,496,221,0.44556451612903225,0.0,False
ar,qwen2.5-1.5b,OpenBookQA,2_Question_First,repetition,496,229,0.46169354838709675,0.016129032258064502,True
ar,qwen2.5-1.5b,OpenBookQA,3_Options_First,baseline,496,132,0.2661290322580645,0.0,False
ar,qwen2.5-1.5b,OpenBookQA,3_Options_First,repetition,496,158,0.3185483870967742,0.052419354838709686,True
ar,qwen2.5-1.5b,ScriptMixed,8_English_to_RTL,baseline,20,8,0.4,0.0,False
ar,qwen2.5-1.5b,ScriptMixed,8_English_to_RTL,repetition,20,16,0.8,0.4,True
ar,qwen2.5-3b,ARC,2_Question_First,baseline,300,197,0.6566666666666666,0.0,False
ar,qwen2.5-3b,ARC,2_Question_First,repetition,300,209,0.6966666666666667,0.040000000000000036,True
ar,qwen2.5-3b,ARC,3_Options_First,baseline,300,135,0.45,0.0,False
ar,qwen2.5-3b,ARC,3_Options_First,repetition,300,180,0.6,0.14999999999999997,True
ar,qwen2.5-3b,CommonSenseQA,2_Question_First,baseline,275,157,0.5709090909090909,0.0,False
ar,qwen2.5-3b,CommonSenseQA,2_Question_First,repetition,275,158,0.5745454545454546,0.0036363636363636598,True
ar,qwen2.5-3b,CommonSenseQA,3_Options_First,baseline,275,94,0.3418181818181818,0.0,False
ar,qwen2.5-3b,CommonSenseQA,3_Options_First,repetition,275,131,0.4763636363636364,0.13454545454545458,True
ar,qwen2.5-3b,GSM8K,4_Question_Only,baseline,250,20,0.08,0.0,False
ar,qwen2.5-3b,GSM8K,4_Question_Only,repetition,250,37,0.148,0.06799999999999999,True
ar,qwen2.5-3b,MiddleMatch,10_Data_First_Retrieval,baseline,300,47,0.15666666666666668,0.0,False
ar,qwen2.5-3b,MiddleMatch,10_Data_First_Retrieval,repetition,300,42,0.14,-0.016666666666666663,False
ar,qwen2.5-3b,NameIndex,10_Data_First_Retrieval,baseline,300,0,0.0,0.0,False
ar,qwen2.5-3b,NameIndex,10_Data_First_Retrieval,repetition,300,4,0.013333333333333334,0.013333333333333334,True
ar,qwen2.5-3b,OpenBookQA,2_Question_First,baseline,496,297,0.5987903225806451,0.0,False
ar,qwen2.5-3b,OpenBookQA,2_Question_First,repetition,496,319,0.6431451612903226,0.04435483870967749,True
ar,qwen2.5-3b,OpenBookQA,3_Options_First,baseline,496,199,0.4012096774193548,0.0,False
ar,qwen2.5-3b,OpenBookQA,3_Options_First,repetition,496,245,0.4939516129032258,0.092741935483871,True
ar,qwen2.5-3b,ScriptMixed,8_English_to_RTL,baseline,20,7,0.35,0.0,False
ar,qwen2.5-3b,ScriptMixed,8_English_to_RTL,repetition,20,19,0.95,0.6,True
ar,qwen2.5-7b,ARC,2_Question_First,baseline,300,236,0.7866666666666666,0.0,False
ar,qwen2.5-7b,ARC,2_Question_First,repetition,300,244,0.8133333333333334,0.026666666666666727,True
ar,qwen2.5-7b,ARC,3_Options_First,baseline,300,176,0.5866666666666667,0.0,False
ar,qwen2.5-7b,ARC,3_Options_First,repetition,300,222,0.74,0.15333333333333332,True
ar,qwen2.5-7b,CommonSenseQA,2_Question_First,baseline,275,171,0.6218181818181818,0.0,False
ar,qwen2.5-7b,CommonSenseQA,2_Question_First,repetition,275,175,0.6363636363636364,0.014545454545454528,True
ar,qwen2.5-7b,CommonSenseQA,3_Options_First,baseline,275,138,0.5018181818181818,0.0,False
ar,qwen2.5-7b,CommonSenseQA,3_Options_First,repetition,275,170,0.6181818181818182,0.11636363636363634,True
ar,qwen2.5-7b,GSM8K,4_Question_Only,baseline,250,51,0.204,0.0,False
ar,qwen2.5-7b,GSM8K,4_Question_Only,repetition,250,61,0.244,0.04000000000000001,True
ar,qwen2.5-7b,MiddleMatch,10_Data_First_Retrieval,baseline,300,68,0.22666666666666666,0.0,False
ar,qwen2.5-7b,MiddleMatch,10_Data_First_Retrieval,repetition,300,72,0.24,0.013333333333333336,True
ar,qwen2.5-7b,NameIndex,10_Data_First_Retrieval,baseline,300,12,0.04,0.0,False
ar,qwen2.5-7b,NameIndex,10_Data_First_Retrieval,repetition,300,17,0.056666666666666664,0.016666666666666663,True
ar,qwen2.5-7b,OpenBookQA,2_Question_First,baseline,496,343,0.6915322580645161,0.0,False
ar,qwen2.5-7b,OpenBookQA,2_Question_First,repetition,496,345,0.6955645161290323,0.0040322580645161255,True
ar,qwen2.5-7b,OpenBookQA,3_Options_First,baseline,496,245,0.4939516129032258,0.0,False
ar,qwen2.5-7b,OpenBookQA,3_Options_First,repetition,496,321,0.6471774193548387,0.15322580645161293,True
ar,qwen2.5-7b,ScriptMixed,8_English_to_RTL,baseline,20,10,0.5,0.0,False
ar,qwen2.5-7b,ScriptMixed,8_English_to_RTL,repetition,20,19,0.95,0.44999999999999996,True
fa,qwen2.5-1.5b,MiddleMatch,10_Data_First_Retrieval,baseline,300,23,0.07666666666666666,0.0,False
fa,qwen2.5-1.5b,MiddleMatch,10_Data_First_Retrieval,repetition,300,25,0.08333333333333333,0.006666666666666668,True
fa,qwen2.5-1.5b,NameIndex,10_Data_First_Retrieval,baseline,300,4,0.013333333333333334,0.0,False
fa,qwen2.5-1.5b,NameIndex,10_Data_First_Retrieval,repetition,300,8,0.02666666666666667,0.013333333333333334,True
fa,qwen2.5-1.5b,ScriptMixed,8_English_to_RTL,baseline,20,5,0.25,0.0,False
fa,qwen2.5-1.5b,ScriptMixed,8_English_to_RTL,repetition,20,19,0.95,0.7,True
fa,qwen2.5-3b,MiddleMatch,10_Data_First_Retrieval,baseline,300,34,0.11333333333333333,0.0,False
fa,qwen2.5-3b,MiddleMatch,10_Data_First_Retrieval,repetition,300,33,0.11,-0.003333333333333327,False
fa,qwen2.5-3b,NameIndex,10_Data_First_Retrieval,baseline,300,0,0.0,0.0,False
fa,qwen2.5-3b,NameIndex,10_Data_First_Retrieval,repetition,300,2,0.006666666666666667,0.006666666666666667,True
fa,qwen2.5-3b,ScriptMixed,8_English_to_RTL,baseline,20,7,0.35,0.0,False
fa,qwen2.5-3b,ScriptMixed,8_English_to_RTL,repetition,20,19,0.95,0.6,True
fa,qwen2.5-7b,MiddleMatch,10_Data_First_Retrieval,baseline,300,52,0.17333333333333334,0.0,False
fa,qwen2.5-7b,MiddleMatch,10_Data_First_Retrieval,repetition,300,71,0.23666666666666666,0.06333333333333332,True
fa,qwen2.5-7b,NameIndex,10_Data_First_Retrieval,baseline,300,5,0.016666666666666666,0.0,False
fa,qwen2.5-7b,NameIndex,10_Data_First_Retrieval,repetition,300,20,0.06666666666666667,0.05,True
fa,qwen2.5-7b,ScriptMixed,8_English_to_RTL,baseline,20,14,0.7,0.0,False
fa,qwen2.5-7b,ScriptMixed,8_English_to_RTL,repetition,20,19,0.95,0.25,True
pa,qwen2.5-1.5b,ARC,2_Question_First,baseline,299,96,0.3210702341137124,0.0,False
pa,qwen2.5-1.5b,ARC,2_Question_First,repetition,299,86,0.28762541806020064,-0.03344481605351174,False
pa,qwen2.5-1.5b,ARC,3_Options_First,baseline,299,79,0.26421404682274247,0.0,False
pa,qwen2.5-1.5b,ARC,3_Options_First,repetition,299,87,0.2909698996655518,0.026755852842809347,True
pa,qwen2.5-1.5b,CommonSenseQA,2_Question_First,baseline,276,56,0.2028985507246377,0.0,False
pa,qwen2.5-1.5b,CommonSenseQA,2_Question_First,repetition,276,61,0.2210144927536232,0.018115942028985504,True
pa,qwen2.5-1.5b,CommonSenseQA,3_Options_First,baseline,276,59,0.213768115942029,0.0,False
pa,qwen2.5-1.5b,CommonSenseQA,3_Options_First,repetition,276,60,0.21739130434782608,0.00362318840579709,True
pa,qwen2.5-1.5b,GSM8K,4_Question_Only,baseline,250,8,0.032,0.0,False
pa,qwen2.5-1.5b,GSM8K,4_Question_Only,repetition,250,10,0.04,0.008,True
pa,qwen2.5-1.5b,MiddleMatch,10_Data_First_Retrieval,baseline,300,11,0.03666666666666667,0.0,False
pa,qwen2.5-1.5b,MiddleMatch,10_Data_First_Retrieval,repetition,300,17,0.056666666666666664,0.019999999999999997,True
pa,qwen2.5-1.5b,NameIndex,10_Data_First_Retrieval,baseline,300,0,0.0,0.0,False
pa,qwen2.5-1.5b,NameIndex,10_Data_First_Retrieval,repetition,300,1,0.0033333333333333335,0.0033333333333333335,True
pa,qwen2.5-1.5b,OpenBookQA,2_Question_First,baseline,488,142,0.29098360655737704,0.0,False
pa,qwen2.5-1.5b,OpenBookQA,2_Question_First,repetition,488,148,0.30327868852459017,0.012295081967213128,True
pa,qwen2.5-1.5b,OpenBookQA,3_Options_First,baseline,488,140,0.28688524590163933,0.0,False
pa,qwen2.5-1.5b,OpenBookQA,3_Options_First,repetition,488,148,0.30327868852459017,0.016393442622950838,True
pa,qwen2.5-1.5b,ScriptMixed,8_English_to_RTL,baseline,20,8,0.4,0.0,False
pa,qwen2.5-1.5b,ScriptMixed,8_English_to_RTL,repetition,20,14,0.7,0.29999999999999993,True
pa,qwen2.5-3b,ARC,2_Question_First,baseline,299,96,0.3210702341137124,0.0,False
pa,qwen2.5-3b,ARC,2_Question_First,repetition,299,107,0.35785953177257523,0.03678929765886285,True
pa,qwen2.5-3b,ARC,3_Options_First,baseline,299,71,0.23745819397993312,0.0,False
pa,qwen2.5-3b,ARC,3_Options_First,repetition,299,74,0.24749163879598662,0.010033444816053505,True
pa,qwen2.5-3b,CommonSenseQA,2_Question_First,baseline,276,77,0.27898550724637683,0.0,False
pa,qwen2.5-3b,CommonSenseQA,2_Question_First,repetition,276,69,0.25,-0.02898550724637683,False
pa,qwen2.5-3b,CommonSenseQA,3_Options_First,baseline,276,67,0.2427536231884058,0.0,False
pa,qwen2.5-3b,CommonSenseQA,3_Options_First,repetition,276,74,0.26811594202898553,0.02536231884057974,True
pa,qwen2.5-3b,GSM8K,4_Question_Only,baseline,250,12,0.048,0.0,False
pa,qwen2.5-3b,GSM8K,4_Question_Only,repetition,250,7,0.028,-0.02,False
pa,qwen2.5-3b,MiddleMatch,10_Data_First_Retrieval,baseline,300,46,0.15333333333333332,0.0,False
pa,qwen2.5-3b,MiddleMatch,10_Data_First_Retrieval,repetition,300,34,0.11333333333333333,-0.039999999999999994,False
pa,qwen2.5-3b,NameIndex,10_Data_First_Retrieval,baseline,300,0,0.0,0.0,False
pa,qwen2.5-3b,NameIndex,10_Data_First_Retrieval,repetition,300,0,0.0,0.0,False
pa,qwen2.5-3b,OpenBookQA,2_Question_First,baseline,488,130,0.26639344262295084,0.0,False
pa,qwen2.5-3b,OpenBookQA,2_Question_First,repetition,488,141,0.2889344262295082,0.022540983606557374,True
pa,qwen2.5-3b,OpenBookQA,3_Options_First,baseline,488,127,0.26024590163934425,0.0,False
pa,qwen2.5-3b,OpenBookQA,3_Options_First,repetition,488,119,0.24385245901639344,-0.01639344262295081,False
pa,qwen2.5-3b,ScriptMixed,8_English_to_RTL,baseline,20,10,0.5,0.0,False
pa,qwen2.5-3b,ScriptMixed,8_English_to_RTL,repetition,20,18,0.9,0.4,True
pa,qwen2.5-7b,ARC,2_Question_First,baseline,299,110,0.36789297658862874,0.0,False
pa,qwen2.5-7b,ARC,2_Question_First,repetition,299,116,0.3879598662207358,0.020066889632107066,True
pa,qwen2.5-7b,ARC,3_Options_First,baseline,299,94,0.31438127090301005,0.0,False
pa,qwen2.5-7b,ARC,3_Options_First,repetition,299,87,0.2909698996655518,-0.023411371237458234,False
pa,qwen2.5-7b,CommonSenseQA,2_Question_First,baseline,276,88,0.3188405797101449,0.0,False
pa,qwen2.5-7b,CommonSenseQA,2_Question_First,repetition,276,83,0.3007246376811594,-0.018115942028985477,False
pa,qwen2.5-7b,CommonSenseQA,3_Options_First,baseline,276,74,0.26811594202898553,0.0,False
pa,qwen2.5-7b,CommonSenseQA,3_Options_First,repetition,276,82,0.2971014492753623,0.028985507246376774,True
pa,qwen2.5-7b,GSM8K,4_Question_Only,baseline,250,17,0.068,0.0,False
pa,qwen2.5-7b,GSM8K,4_Question_Only,repetition,250,20,0.08,0.011999999999999997,True
pa,qwen2.5-7b,MiddleMatch,10_Data_First_Retrieval,baseline,300,55,0.18333333333333332,0.0,False
pa,qwen2.5-7b,MiddleMatch,10_Data_First_Retrieval,repetition,300,56,0.18666666666666668,0.003333333333333355,True
pa,qwen2.5-7b,NameIndex,10_Data_First_Retrieval,baseline,300,11,0.03666666666666667,0.0,False
pa,qwen2.5-7b,NameIndex,10_Data_First_Retrieval,repetition,300,4,0.013333333333333334,-0.02333333333333333,False
pa,qwen2.5-7b,OpenBookQA,2_Question_First,baseline,488,174,0.35655737704918034,0.0,False
pa,qwen2.5-7b,OpenBookQA,2_Question_First,repetition,488,182,0.3729508196721312,0.016393442622950838,True
pa,qwen2.5-7b,OpenBookQA,3_Options_First,baseline,488,141,0.2889344262295082,0.0,False
pa,qwen2.5-7b,OpenBookQA,3_Options_First,repetition,488,149,0.305327868852459,0.016393442622950782,True
pa,qwen2.5-7b,ScriptMixed,8_English_to_RTL,baseline,20,12,0.6,0.0,False
pa,qwen2.5-7b,ScriptMixed,8_English_to_RTL,repetition,20,20,1.0,0.4,True
ps,qwen2.5-1.5b,ARC,2_Question_First,baseline,299,90,0.3010033444816054,0.0,False
ps,qwen2.5-1.5b,ARC,2_Question_First,repetition,299,92,0.3076923076923077,0.006688963210702337,True
ps,qwen2.5-1.5b,ARC,3_Options_First,baseline,299,81,0.2709030100334448,0.0,False
ps,qwen2.5-1.5b,ARC,3_Options_First,repetition,299,78,0.2608695652173913,-0.010033444816053505,False
ps,qwen2.5-1.5b,CommonSenseQA,2_Question_First,baseline,290,62,0.21379310344827587,0.0,False
ps,qwen2.5-1.5b,CommonSenseQA,2_Question_First,repetition,290,66,0.22758620689655173,0.013793103448275862,True
ps,qwen2.5-1.5b,CommonSenseQA,3_Options_First,baseline,290,56,0.19310344827586207,0.0,False
ps,qwen2.5-1.5b,CommonSenseQA,3_Options_First,repetition,290,52,0.1793103448275862,-0.013793103448275862,False
ps,qwen2.5-1.5b,GSM8K,4_Question_Only,baseline,250,13,0.052,0.0,False
ps,qwen2.5-1.5b,GSM8K,4_Question_Only,repetition,250,11,0.044,-0.008,False
ps,qwen2.5-1.5b,MiddleMatch,10_Data_First_Retrieval,baseline,300,53,0.17666666666666667,0.0,False
ps,qwen2.5-1.5b,MiddleMatch,10_Data_First_Retrieval,repetition,300,47,0.15666666666666668,-0.01999999999999999,False
ps,qwen2.5-1.5b,NameIndex,10_Data_First_Retrieval,baseline,300,3,0.01,0.0,False
ps,qwen2.5-1.5b,NameIndex,10_Data_First_Retrieval,repetition,300,2,0.006666666666666667,-0.003333333333333333,False
ps,qwen2.5-1.5b,OpenBookQA,2_Question_First,baseline,250,81,0.324,0.0,False
ps,qwen2.5-1.5b,OpenBookQA,2_Question_First,repetition,250,85,0.34,0.016000000000000014,True
ps,qwen2.5-1.5b,OpenBookQA,3_Options_First,baseline,250,76,0.304,0.0,False
ps,qwen2.5-1.5b,OpenBookQA,3_Options_First,repetition,250,69,0.276,-0.02799999999999997,False
ps,qwen2.5-1.5b,ScriptMixed,8_English_to_RTL,baseline,20,6,0.3,0.0,False
ps,qwen2.5-1.5b,ScriptMixed,8_English_to_RTL,repetition,20,20,1.0,0.7,True
ps,qwen2.5-3b,ARC,2_Question_First,baseline,299,105,0.3511705685618729,0.0,False
ps,qwen2.5-3b,ARC,2_Question_First,repetition,299,104,0.34782608695652173,-0.0033444816053511683,False
ps,qwen2.5-3b,ARC,3_Options_First,baseline,299,98,0.3277591973244147,0.0,False
ps,qwen2.5-3b,ARC,3_Options_First,repetition,299,97,0.32441471571906355,-0.0033444816053511683,False
ps,qwen2.5-3b,CommonSenseQA,2_Question_First,baseline,290,69,0.23793103448275862,0.0,False
ps,qwen2.5-3b,CommonSenseQA,2_Question_First,repetition,290,79,0.27241379310344827,0.03448275862068964,True
ps,qwen2.5-3b,CommonSenseQA,3_Options_First,baseline,290,59,0.20344827586206896,0.0,False
ps,qwen2.5-3b,CommonSenseQA,3_Options_First,repetition,290,66,0.22758620689655173,0.02413793103448278,True
ps,qwen2.5-3b,GSM8K,4_Question_Only,baseline,250,11,0.044,0.0,False
ps,qwen2.5-3b,GSM8K,4_Question_Only,repetition,250,18,0.072,0.027999999999999997,True
ps,qwen2.5-3b,MiddleMatch,10_Data_First_Retrieval,baseline,300,54,0.18,0.0,False
ps,qwen2.5-3b,MiddleMatch,10_Data_First_Retrieval,repetition,300,42,0.14,-0.03999999999999998,False
ps,qwen2.5-3b,NameIndex,10_Data_First_Retrieval,baseline,300,3,0.01,0.0,False
ps,qwen2.5-3b,NameIndex,10_Data_First_Retrieval,repetition,300,2,0.006666666666666667,-0.003333333333333333,False
ps,qwen2.5-3b,OpenBookQA,2_Question_First,baseline,250,87,0.348,0.0,False
ps,qwen2.5-3b,OpenBookQA,2_Question_First,repetition,250,95,0.38,0.03200000000000003,True
ps,qwen2.5-3b,OpenBookQA,3_Options_First,baseline,250,67,0.268,0.0,False
ps,qwen2.5-3b,OpenBookQA,3_Options_First,repetition,250,88,0.352,0.08399999999999996,True
ps,qwen2.5-3b,ScriptMixed,8_English_to_RTL,baseline,20,9,0.45,0.0,False
ps,qwen2.5-3b,ScriptMixed,8_English_to_RTL,repetition,20,18,0.9,0.45,True
ps,qwen2.5-7b,ARC,2_Question_First,baseline,299,124,0.41471571906354515,0.0,False
ps,qwen2.5-7b,ARC,2_Question_First,repetition,299,128,0.4280936454849498,0.013377926421404673,True
ps,qwen2.5-7b,ARC,3_Options_First,baseline,299,100,0.33444816053511706,0.0,False
ps,qwen2.5-7b,ARC,3_Options_First,repetition,299,112,0.3745819397993311,0.04013377926421402,True
ps,qwen2.5-7b,CommonSenseQA,2_Question_First,baseline,290,81,0.2793103448275862,0.0,False
ps,qwen2.5-7b,CommonSenseQA,2_Question_First,repetition,290,83,0.28620689655172415,0.006896551724137945,True
ps,qwen2.5-7b,CommonSenseQA,3_Options_First,baseline,290,68,0.23448275862068965,0.0,False
ps,qwen2.5-7b,CommonSenseQA,3_Options_First,repetition,290,77,0.2655172413793103,0.03103448275862067,True
ps,qwen2.5-7b,GSM8K,4_Question_Only,baseline,250,20,0.08,0.0,False
ps,qwen2.5-7b,GSM8K,4_Question_Only,repetition,250,26,0.104,0.023999999999999994,True
ps,qwen2.5-7b,MiddleMatch,10_Data_First_Retrieval,baseline,300,42,0.14,0.0,False
ps,qwen2.5-7b,MiddleMatch,10_Data_First_Retrieval,repetition,300,36,0.12,-0.020000000000000018,False
ps,qwen2.5-7b,NameIndex,10_Data_First_Retrieval,baseline,300,0,0.0,0.0,False
ps,qwen2.5-7b,NameIndex,10_Data_First_Retrieval,repetition,300,1,0.0033333333333333335,0.0033333333333333335,True
ps,qwen2.5-7b,OpenBookQA,2_Question_First,baseline,250,104,0.416,0.0,False
ps,qwen2.5-7b,OpenBookQA,2_Question_First,repetition,250,93,0.372,-0.043999999999999984,False
ps,qwen2.5-7b,OpenBookQA,3_Options_First,baseline,250,82,0.328,0.0,False
ps,qwen2.5-7b,OpenBookQA,3_Options_First,repetition,250,75,0.3,-0.028000000000000025,False
ps,qwen2.5-7b,ScriptMixed,8_English_to_RTL,baseline,20,11,0.55,0.0,False
ps,qwen2.5-7b,ScriptMixed,8_English_to_RTL,repetition,20,20,1.0,0.44999999999999996,True
sd,qwen2.5-1.5b,GSM8K,4_Question_Only,baseline,250,3,0.012,0.0,False
sd,qwen2.5-1.5b,GSM8K,4_Question_Only,repetition,250,8,0.032,0.02,True
sd,qwen2.5-1.5b,MiddleMatch,10_Data_First_Retrieval,baseline,300,35,0.11666666666666667,0.0,False
sd,qwen2.5-1.5b,MiddleMatch,10_Data_First_Retrieval,repetition,300,43,0.14333333333333334,0.026666666666666672,True
sd,qwen2.5-1.5b,NameIndex,10_Data_First_Retrieval,baseline,300,0,0.0,0.0,False
sd,qwen2.5-1.5b,NameIndex,10_Data_First_Retrieval,repetition,300,0,0.0,0.0,False
sd,qwen2.5-1.5b,ScriptMixed,8_English_to_RTL,baseline,20,6,0.3,0.0,False
sd,qwen2.5-1.5b,ScriptMixed,8_English_to_RTL,repetition,20,19,0.95,0.6499999999999999,True
sd,qwen2.5-3b,GSM8K,4_Question_Only,baseline,250,9,0.036,0.0,False
sd,qwen2.5-3b,GSM8K,4_Question_Only,repetition,250,16,0.064,0.028000000000000004,True
sd,qwen2.5-3b,MiddleMatch,10_Data_First_Retrieval,baseline,300,52,0.17333333333333334,0.0,False
sd,qwen2.5-3b,MiddleMatch,10_Data_First_Retrieval,repetition,300,53,0.17666666666666667,0.003333333333333327,True
sd,qwen2.5-3b,NameIndex,10_Data_First_Retrieval,baseline,300,0,0.0,0.0,False
sd,qwen2.5-3b,NameIndex,10_Data_First_Retrieval,repetition,300,0,0.0,0.0,False
sd,qwen2.5-3b,ScriptMixed,8_English_to_RTL,baseline,20,8,0.4,0.0,False
sd,qwen2.5-3b,ScriptMixed,8_English_to_RTL,repetition,20,17,0.85,0.44999999999999996,True
sd,qwen2.5-7b,GSM8K,4_Question_Only,baseline,250,17,0.068,0.0,False
sd,qwen2.5-7b,GSM8K,4_Question_Only,repetition,250,19,0.076,0.007999999999999993,True
sd,qwen2.5-7b,MiddleMatch,10_Data_First_Retrieval,baseline,300,53,0.17666666666666667,0.0,False
sd,qwen2.5-7b,MiddleMatch,10_Data_First_Retrieval,repetition,300,43,0.14333333333333334,-0.033333333333333326,False
sd,qwen2.5-7b,NameIndex,10_Data_First_Retrieval,baseline,300,0,0.0,0.0,False
sd,qwen2.5-7b,NameIndex,10_Data_First_Retrieval,repetition,300,0,0.0,0.0,False
sd,qwen2.5-7b,ScriptMixed,8_English_to_RTL,baseline,20,10,0.5,0.0,False
sd,qwen2.5-7b,ScriptMixed,8_English_to_RTL,repetition,20,19,0.95,0.44999999999999996,True
ur,qwen2.5-1.5b,ARC,2_Question_First,baseline,299,86,0.28762541806020064,0.0,False
ur,qwen2.5-1.5b,ARC,2_Question_First,repetition,299,87,0.2909698996655518,0.0033444816053511683,True
ur,qwen2.5-1.5b,ARC,3_Options_First,baseline,299,78,0.2608695652173913,0.0,False
ur,qwen2.5-1.5b,ARC,3_Options_First,repetition,299,81,0.2709030100334448,0.010033444816053505,True
ur,qwen2.5-1.5b,CommonSenseQA,2_Question_First,baseline,276,65,0.23550724637681159,0.0,False
ur,qwen2.5-1.5b,CommonSenseQA,2_Question_First,repetition,276,56,0.2028985507246377,-0.03260869565217389,False
ur,qwen2.5-1.5b,CommonSenseQA,3_Options_First,baseline,276,69,0.25,0.0,False
ur,qwen2.5-1.5b,CommonSenseQA,3_Options_First,repetition,276,64,0.2318840579710145,-0.018115942028985504,False
ur,qwen2.5-1.5b,GSM8K,4_Question_Only,baseline,250,5,0.02,0.0,False
ur,qwen2.5-1.5b,GSM8K,4_Question_Only,repetition,250,9,0.036,0.015999999999999997,True
ur,qwen2.5-1.5b,MiddleMatch,10_Data_First_Retrieval,baseline,300,46,0.15333333333333332,0.0,False
ur,qwen2.5-1.5b,MiddleMatch,10_Data_First_Retrieval,repetition,300,45,0.15,-0.003333333333333327,False
ur,qwen2.5-1.5b,NameIndex,10_Data_First_Retrieval,baseline,300,0,0.0,0.0,False
ur,qwen2.5-1.5b,NameIndex,10_Data_First_Retrieval,repetition,300,0,0.0,0.0,False
ur,qwen2.5-1.5b,OpenBookQA,2_Question_First,baseline,500,154,0.308,0.0,False
ur,qwen2.5-1.5b,OpenBookQA,2_Question_First,repetition,500,154,0.308,0.0,False
ur,qwen2.5-1.5b,OpenBookQA,3_Options_First,baseline,500,147,0.294,0.0,False
ur,qwen2.5-1.5b,OpenBookQA,3_Options_First,repetition,500,140,0.28,-0.013999999999999957,False
ur,qwen2.5-1.5b,ScriptMixed,8_English_to_RTL,baseline,20,12,0.6,0.0,False
ur,qwen2.5-1.5b,ScriptMixed,8_English_to_RTL,repetition,20,17,0.85,0.25,True
ur,qwen2.5-3b,ARC,2_Question_First,baseline,299,119,0.3979933110367893,0.0,False
ur,qwen2.5-3b,ARC,2_Question_First,repetition,299,112,0.3745819397993311,-0.023411371237458234,False
ur,qwen2.5-3b,ARC,3_Options_First,baseline,299,86,0.28762541806020064,0.0,False
ur,qwen2.5-3b,ARC,3_Options_First,repetition,299,92,0.3076923076923077,0.020066889632107066,True
ur,qwen2.5-3b,CommonSenseQA,2_Question_First,baseline,276,86,0.3115942028985507,0.0,False
ur,qwen2.5-3b,CommonSenseQA,2_Question_First,repetition,276,98,0.35507246376811596,0.043478260869565244,True
ur,qwen2.5-3b,CommonSenseQA,3_Options_First,baseline,276,62,0.2246376811594203,0.0,False
ur,qwen2.5-3b,CommonSenseQA,3_Options_First,repetition,276,79,0.286231884057971,0.06159420289855072,True
ur,qwen2.5-3b,GSM8K,4_Question_Only,baseline,250,13,0.052,0.0,False
ur,qwen2.5-3b,GSM8K,4_Question_Only,repetition,250,15,0.06,0.008,True
ur,qwen2.5-3b,MiddleMatch,10_Data_First_Retrieval,baseline,300,51,0.17,0.0,False
ur,qwen2.5-3b,MiddleMatch,10_Data_First_Retrieval,repetition,300,53,0.17666666666666667,0.006666666666666654,True
ur,qwen2.5-3b,NameIndex,10_Data_First_Retrieval,baseline,300,7,0.023333333333333334,0.0,False
ur,qwen2.5-3b,NameIndex,10_Data_First_Retrieval,repetition,300,4,0.013333333333333334,-0.01,False
ur,qwen2.5-3b,OpenBookQA,2_Question_First,baseline,500,196,0.392,0.0,False
ur,qwen2.5-3b,OpenBookQA,2_Question_First,repetition,500,191,0.382,-0.010000000000000009,False
ur,qwen2.5-3b,OpenBookQA,3_Options_First,baseline,500,138,0.276,0.0,False
ur,qwen2.5-3b,OpenBookQA,3_Options_First,repetition,500,167,0.334,0.057999999999999996,True
ur,qwen2.5-3b,ScriptMixed,8_English_to_RTL,baseline,20,8,0.4,0.0,False
ur,qwen2.5-3b,ScriptMixed,8_English_to_RTL,repetition,20,19,0.95,0.5499999999999999,True
ur,qwen2.5-7b,ARC,2_Question_First,baseline,299,138,0.46153846153846156,0.0,False
ur,qwen2.5-7b,ARC,2_Question_First,repetition,299,144,0.4816053511705686,0.02006688963210701,True
ur,qwen2.5-7b,ARC,3_Options_First,baseline,299,102,0.3411371237458194,0.0,False
ur,qwen2.5-7b,ARC,3_Options_First,repetition,299,130,0.43478260869565216,0.09364548494983277,True
ur,qwen2.5-7b,CommonSenseQA,2_Question_First,baseline,276,116,0.42028985507246375,0.0,False
ur,qwen2.5-7b,CommonSenseQA,2_Question_First,repetition,276,119,0.4311594202898551,0.010869565217391353,True
ur,qwen2.5-7b,CommonSenseQA,3_Options_First,baseline,276,100,0.36231884057971014,0.0,False
ur,qwen2.5-7b,CommonSenseQA,3_Options_First,repetition,276,118,0.427536231884058,0.06521739130434784,True
ur,qwen2.5-7b,GSM8K,4_Question_Only,baseline,250,28,0.112,0.0,False
ur,qwen2.5-7b,GSM8K,4_Question_Only,repetition,250,33,0.132,0.020000000000000004,True
ur,qwen2.5-7b,MiddleMatch,10_Data_First_Retrieval,baseline,300,50,0.16666666666666666,0.0,False
ur,qwen2.5-7b,MiddleMatch,10_Data_First_Retrieval,repetition,300,51,0.17,0.003333333333333355,True
ur,qwen2.5-7b,NameIndex,10_Data_First_Retrieval,baseline,300,5,0.016666666666666666,0.0,False
ur,qwen2.5-7b,NameIndex,10_Data_First_Retrieval,repetition,300,4,0.013333333333333334,-0.0033333333333333322,False
ur,qwen2.5-7b,OpenBookQA,2_Question_First,baseline,500,264,0.528,0.0,False
ur,qwen2.5-7b,OpenBookQA,2_Question_First,repetition,500,265,0.53,0.0020000000000000018,True
ur,qwen2.5-7b,OpenBookQA,3_Options_First,baseline,500,215,0.43,0.0,False
ur,qwen2.5-7b,OpenBookQA,3_Options_First,repetition,500,252,0.504,0.07400000000000001,True
ur,qwen2.5-7b,ScriptMixed,8_English_to_RTL,baseline,20,13,0.65,0.0,False
ur,qwen2.5-7b,ScriptMixed,8_English_to_RTL,repetition,20,20,1.0,0.35,True
