language,model,task,scenario,method,n_pairs,b_base_wins,c_method_wins,n_discordant,p_value,significant,direction
ar,qwen2.5-1.5b,ARC,2_Question_First,repetition,300,16,17,33,0.8618,False,method_better
ar,qwen2.5-1.5b,ARC,3_Options_First,repetition,300,15,49,64,0.0,True,method_better
ar,qwen2.5-1.5b,CommonSenseQA,2_Question_First,repetition,275,14,22,36,0.1824,False,method_better
ar,qwen2.5-1.5b,CommonSenseQA,3_Options_First,repetition,275,20,46,66,0.0014,True,method_better
ar,qwen2.5-1.5b,GSM8K,4_Question_Only,repetition,250,4,14,18,0.0184,True,method_better
ar,qwen2.5-1.5b,MiddleMatch,10_Data_First_Retrieval,repetition,300,16,7,23,0.0606,True,baseline_better
ar,qwen2.5-1.5b,NameIndex,10_Data_First_Retrieval,repetition,300,2,3,5,0.6547,False,method_better
ar,qwen2.5-1.5b,OpenBookQA,2_Question_First,repetition,496,24,32,56,0.285,False,method_better
ar,qwen2.5-1.5b,OpenBookQA,3_Options_First,repetition,496,24,50,74,0.0025,True,method_better
ar,qwen2.5-1.5b,ScriptMixed,8_English_to_RTL,repetition,20,0,8,8,0.0047,True,method_better
ar,qwen2.5-3b,ARC,2_Question_First,repetition,300,14,26,40,0.0578,True,method_better
ar,qwen2.5-3b,ARC,3_Options_First,repetition,300,25,70,95,0.0,True,method_better
ar,qwen2.5-3b,CommonSenseQA,2_Question_First,repetition,275,17,18,35,0.8658,False,method_better
ar,qwen2.5-3b,CommonSenseQA,3_Options_First,repetition,275,26,63,89,0.0001,True,method_better
ar,qwen2.5-3b,GSM8K,4_Question_Only,repetition,250,7,24,31,0.0023,True,method_better
ar,qwen2.5-3b,MiddleMatch,10_Data_First_Retrieval,repetition,300,23,18,41,0.4349,False,baseline_better
ar,qwen2.5-3b,NameIndex,10_Data_First_Retrieval,repetition,300,0,4,4,0.0455,True,method_better
ar,qwen2.5-3b,OpenBookQA,2_Question_First,repetition,496,26,48,74,0.0105,True,method_better
ar,qwen2.5-3b,OpenBookQA,3_Options_First,repetition,496,48,94,142,0.0001,True,method_better
ar,qwen2.5-3b,ScriptMixed,8_English_to_RTL,repetition,20,0,12,12,0.0005,True,method_better
ar,qwen2.5-7b,ARC,2_Question_First,repetition,300,12,20,32,0.1573,False,method_better
ar,qwen2.5-7b,ARC,3_Options_First,repetition,300,12,58,70,0.0,True,method_better
ar,qwen2.5-7b,CommonSenseQA,2_Question_First,repetition,275,13,17,30,0.4652,False,method_better
ar,qwen2.5-7b,CommonSenseQA,3_Options_First,repetition,275,17,49,66,0.0001,True,method_better
ar,qwen2.5-7b,GSM8K,4_Question_Only,repetition,250,9,19,28,0.0588,True,method_better
ar,qwen2.5-7b,MiddleMatch,10_Data_First_Retrieval,repetition,300,22,26,48,0.5637,False,method_better
ar,qwen2.5-7b,NameIndex,10_Data_First_Retrieval,repetition,300,5,10,15,0.1967,False,method_better
ar,qwen2.5-7b,OpenBookQA,2_Question_First,repetition,496,31,33,64,0.8026,False,method_better
ar,qwen2.5-7b,OpenBookQA,3_Options_First,repetition,496,23,99,122,0.0,True,method_better
ar,qwen2.5-7b,ScriptMixed,8_English_to_RTL,repetition,20,0,9,9,0.0027,True,method_better
fa,qwen2.5-1.5b,MiddleMatch,10_Data_First_Retrieval,repetition,300,5,7,12,0.5637,False,method_better
fa,qwen2.5-1.5b,NameIndex,10_Data_First_Retrieval,repetition,300,4,8,12,0.2482,False,method_better
fa,qwen2.5-1.5b,ScriptMixed,8_English_to_RTL,repetition,20,0,14,14,0.0002,True,method_better
fa,qwen2.5-3b,MiddleMatch,10_Data_First_Retrieval,repetition,300,13,12,25,0.8415,False,baseline_better
fa,qwen2.5-3b,NameIndex,10_Data_First_Retrieval,repetition,300,0,2,2,0.1573,False,method_better
fa,qwen2.5-3b,ScriptMixed,8_English_to_RTL,repetition,20,0,12,12,0.0005,True,method_better
fa,qwen2.5-7b,MiddleMatch,10_Data_First_Retrieval,repetition,300,14,33,47,0.0056,True,method_better
fa,qwen2.5-7b,NameIndex,10_Data_First_Retrieval,repetition,300,2,17,19,0.0006,True,method_better
fa,qwen2.5-7b,ScriptMixed,8_English_to_RTL,repetition,20,1,6,7,0.0588,True,method_better
pa,qwen2.5-1.5b,ARC,2_Question_First,repetition,299,27,17,44,0.1317,False,baseline_better
pa,qwen2.5-1.5b,ARC,3_Options_First,repetition,299,20,28,48,0.2482,False,method_better
pa,qwen2.5-1.5b,CommonSenseQA,2_Question_First,repetition,276,14,19,33,0.3841,False,method_better
pa,qwen2.5-1.5b,CommonSenseQA,3_Options_First,repetition,276,19,20,39,0.8728,False,method_better
pa,qwen2.5-1.5b,GSM8K,4_Question_Only,repetition,250,1,3,4,0.3173,False,method_better
pa,qwen2.5-1.5b,MiddleMatch,10_Data_First_Retrieval,repetition,300,1,7,8,0.0339,True,method_better
pa,qwen2.5-1.5b,NameIndex,10_Data_First_Retrieval,repetition,300,0,1,1,0.3173,False,method_better
pa,qwen2.5-1.5b,OpenBookQA,2_Question_First,repetition,488,25,31,56,0.4227,False,method_better
pa,qwen2.5-1.5b,OpenBookQA,3_Options_First,repetition,488,30,38,68,0.332,False,method_better
pa,qwen2.5-1.5b,ScriptMixed,8_English_to_RTL,repetition,20,0,6,6,0.0143,True,method_better
pa,qwen2.5-3b,ARC,2_Question_First,repetition,299,27,38,65,0.1724,False,method_better
pa,qwen2.5-3b,ARC,3_Options_First,repetition,299,25,28,53,0.6803,False,method_better
pa,qwen2.5-3b,CommonSenseQA,2_Question_First,repetition,276,28,20,48,0.2482,False,baseline_better
pa,qwen2.5-3b,CommonSenseQA,3_Options_First,repetition,276,27,34,61,0.3701,False,method_better
pa,qwen2.5-3b,GSM8K,4_Question_Only,repetition,250,6,1,7,0.0588,True,baseline_better
pa,qwen2.5-3b,MiddleMatch,10_Data_First_Retrieval,repetition,300,30,18,48,0.0833,True,baseline_better
pa,qwen2.5-3b,NameIndex,10_Data_First_Retrieval,repetition,300,0,0,0,,False,tie
pa,qwen2.5-3b,OpenBookQA,2_Question_First,repetition,488,50,61,111,0.2965,False,method_better
pa,qwen2.5-3b,OpenBookQA,3_Options_First,repetition,488,63,55,118,0.4615,False,baseline_better
pa,qwen2.5-3b,ScriptMixed,8_English_to_RTL,repetition,20,0,8,8,0.0047,True,method_better
pa,qwen2.5-7b,ARC,2_Question_First,repetition,299,21,27,48,0.3865,False,method_better
pa,qwen2.5-7b,ARC,3_Options_First,repetition,299,42,35,77,0.425,False,baseline_better
pa,qwen2.5-7b,CommonSenseQA,2_Question_First,repetition,276,23,18,41,0.4349,False,baseline_better
pa,qwen2.5-7b,CommonSenseQA,3_Options_First,repetition,276,20,28,48,0.2482,False,method_better
pa,qwen2.5-7b,GSM8K,4_Question_Only,repetition,250,7,10,17,0.4669,False,method_better
pa,qwen2.5-7b,MiddleMatch,10_Data_First_Retrieval,repetition,300,1,2,3,0.5637,False,method_better
pa,qwen2.5-7b,NameIndex,10_Data_First_Retrieval,repetition,300,10,3,13,0.0522,True,baseline_better
pa,qwen2.5-7b,OpenBookQA,2_Question_First,repetition,488,45,53,98,0.419,False,method_better
pa,qwen2.5-7b,OpenBookQA,3_Options_First,repetition,488,49,57,106,0.4371,False,method_better
pa,qwen2.5-7b,ScriptMixed,8_English_to_RTL,repetition,20,0,8,8,0.0047,True,method_better
ps,qwen2.5-1.5b,ARC,2_Question_First,repetition,299,14,16,30,0.715,False,method_better
ps,qwen2.5-1.5b,ARC,3_Options_First,repetition,299,21,18,39,0.631,False,baseline_better
ps,qwen2.5-1.5b,CommonSenseQA,2_Question_First,repetition,290,12,16,28,0.4497,False,method_better
ps,qwen2.5-1.5b,CommonSenseQA,3_Options_First,repetition,290,28,24,52,0.5791,False,baseline_better
ps,qwen2.5-1.5b,GSM8K,4_Question_Only,repetition,250,6,4,10,0.5271,False,baseline_better
ps,qwen2.5-1.5b,MiddleMatch,10_Data_First_Retrieval,repetition,300,18,12,30,0.2733,False,baseline_better
ps,qwen2.5-1.5b,NameIndex,10_Data_First_Retrieval,repetition,300,3,2,5,0.6547,False,baseline_better
ps,qwen2.5-1.5b,OpenBookQA,2_Question_First,repetition,250,16,20,36,0.505,False,method_better
ps,qwen2.5-1.5b,OpenBookQA,3_Options_First,repetition,250,18,11,29,0.1936,False,baseline_better
ps,qwen2.5-1.5b,ScriptMixed,8_English_to_RTL,repetition,20,0,14,14,0.0002,True,method_better
ps,qwen2.5-3b,ARC,2_Question_First,repetition,299,31,30,61,0.8981,False,baseline_better
ps,qwen2.5-3b,ARC,3_Options_First,repetition,299,41,40,81,0.9115,False,baseline_better
ps,qwen2.5-3b,CommonSenseQA,2_Question_First,repetition,290,18,28,46,0.1404,False,method_better
ps,qwen2.5-3b,CommonSenseQA,3_Options_First,repetition,290,23,30,53,0.3363,False,method_better
ps,qwen2.5-3b,GSM8K,4_Question_Only,repetition,250,5,12,17,0.0896,True,method_better
ps,qwen2.5-3b,MiddleMatch,10_Data_First_Retrieval,repetition,300,29,17,46,0.0768,True,baseline_better
ps,qwen2.5-3b,NameIndex,10_Data_First_Retrieval,repetition,300,3,2,5,0.6547,False,baseline_better
ps,qwen2.5-3b,OpenBookQA,2_Question_First,repetition,250,22,30,52,0.2673,False,method_better
ps,qwen2.5-3b,OpenBookQA,3_Options_First,repetition,250,19,40,59,0.0063,True,method_better
ps,qwen2.5-3b,ScriptMixed,8_English_to_RTL,repetition,20,0,9,9,0.0027,True,method_better
ps,qwen2.5-7b,ARC,2_Question_First,repetition,299,24,28,52,0.5791,False,method_better
ps,qwen2.5-7b,ARC,3_Options_First,repetition,299,26,38,64,0.1336,False,method_better
ps,qwen2.5-7b,CommonSenseQA,2_Question_First,repetition,290,21,23,44,0.763,False,method_better
ps,qwen2.5-7b,CommonSenseQA,3_Options_First,repetition,290,19,28,47,0.1893,False,method_better
ps,qwen2.5-7b,GSM8K,4_Question_Only,repetition,250,6,12,18,0.1573,False,method_better
ps,qwen2.5-7b,MiddleMatch,10_Data_First_Retrieval,repetition,300,21,15,36,0.3173,False,baseline_better
ps,qwen2.5-7b,NameIndex,10_Data_First_Retrieval,repetition,300,0,1,1,0.3173,False,method_better
ps,qwen2.5-7b,OpenBookQA,2_Question_First,repetition,250,31,20,51,0.1235,False,baseline_better
ps,qwen2.5-7b,OpenBookQA,3_Options_First,repetition,250,36,29,65,0.3853,False,baseline_better
ps,qwen2.5-7b,ScriptMixed,8_English_to_RTL,repetition,20,0,9,9,0.0027,True,method_better
sd,qwen2.5-1.5b,GSM8K,4_Question_Only,repetition,250,1,6,7,0.0588,True,method_better
sd,qwen2.5-1.5b,MiddleMatch,10_Data_First_Retrieval,repetition,300,3,11,14,0.0325,True,method_better
sd,qwen2.5-1.5b,NameIndex,10_Data_First_Retrieval,repetition,300,0,0,0,,False,tie
sd,qwen2.5-1.5b,ScriptMixed,8_English_to_RTL,repetition,20,0,13,13,0.0003,True,method_better
sd,qwen2.5-3b,GSM8K,4_Question_Only,repetition,250,0,7,7,0.0082,True,method_better
sd,qwen2.5-3b,MiddleMatch,10_Data_First_Retrieval,repetition,300,2,3,5,0.6547,False,method_better
sd,qwen2.5-3b,NameIndex,10_Data_First_Retrieval,repetition,300,0,0,0,,False,tie
sd,qwen2.5-3b,ScriptMixed,8_English_to_RTL,repetition,20,0,9,9,0.0027,True,method_better
sd,qwen2.5-7b,GSM8K,4_Question_Only,repetition,250,6,8,14,0.593,False,method_better
sd,qwen2.5-7b,MiddleMatch,10_Data_First_Retrieval,repetition,300,17,7,24,0.0412,True,baseline_better
sd,qwen2.5-7b,NameIndex,10_Data_First_Retrieval,repetition,300,0,0,0,,False,tie
sd,qwen2.5-7b,ScriptMixed,8_English_to_RTL,repetition,20,0,9,9,0.0027,True,method_better
ur,qwen2.5-1.5b,ARC,2_Question_First,repetition,299,16,17,33,0.8618,False,method_better
ur,qwen2.5-1.5b,ARC,3_Options_First,repetition,299,21,24,45,0.6547,False,method_better
ur,qwen2.5-1.5b,CommonSenseQA,2_Question_First,repetition,276,21,12,33,0.1172,False,baseline_better
ur,qwen2.5-1.5b,CommonSenseQA,3_Options_First,repetition,276,28,23,51,0.4838,False,baseline_better
ur,qwen2.5-1.5b,GSM8K,4_Question_Only,repetition,250,2,6,8,0.1573,False,method_better
ur,qwen2.5-1.5b,MiddleMatch,10_Data_First_Retrieval,repetition,300,13,12,25,0.8415,False,baseline_better
ur,qwen2.5-1.5b,NameIndex,10_Data_First_Retrieval,repetition,300,0,0,0,,False,tie
ur,qwen2.5-1.5b,OpenBookQA,2_Question_First,repetition,500,38,38,76,1.0,False,tie
ur,qwen2.5-1.5b,OpenBookQA,3_Options_First,repetition,500,40,33,73,0.4126,False,baseline_better
ur,qwen2.5-1.5b,ScriptMixed,8_English_to_RTL,repetition,20,0,5,5,0.0253,True,method_better
ur,qwen2.5-3b,ARC,2_Question_First,repetition,299,28,21,49,0.3173,False,baseline_better
ur,qwen2.5-3b,ARC,3_Options_First,repetition,299,34,40,74,0.4855,False,method_better
ur,qwen2.5-3b,CommonSenseQA,2_Question_First,repetition,276,19,31,50,0.0897,True,method_better
ur,qwen2.5-3b,CommonSenseQA,3_Options_First,repetition,276,19,36,55,0.0219,True,method_better
ur,qwen2.5-3b,GSM8K,4_Question_Only,repetition,250,7,9,16,0.6171,False,method_better
ur,qwen2.5-3b,MiddleMatch,10_Data_First_Retrieval,repetition,300,22,24,46,0.7681,False,method_better
ur,qwen2.5-3b,NameIndex,10_Data_First_Retrieval,repetition,300,5,2,7,0.2568,False,baseline_better
ur,qwen2.5-3b,OpenBookQA,2_Question_First,repetition,500,55,50,105,0.6256,False,baseline_better
ur,qwen2.5-3b,OpenBookQA,3_Options_First,repetition,500,43,72,115,0.0068,True,method_better
ur,qwen2.5-3b,ScriptMixed,8_English_to_RTL,repetition,20,1,12,13,0.0023,True,method_better
ur,qwen2.5-7b,ARC,2_Question_First,repetition,299,15,21,36,0.3173,False,method_better
ur,qwen2.5-7b,ARC,3_Options_First,repetition,299,21,49,70,0.0008,True,method_better
ur,qwen2.5-7b,CommonSenseQA,2_Question_First,repetition,276,25,28,53,0.6803,False,method_better
ur,qwen2.5-7b,CommonSenseQA,3_Options_First,repetition,276,18,36,54,0.0143,True,method_better
ur,qwen2.5-7b,GSM8K,4_Question_Only,repetition,250,9,14,23,0.2971,False,method_better
ur,qwen2.5-7b,MiddleMatch,10_Data_First_Retrieval,repetition,300,18,19,37,0.8694,False,method_better
ur,qwen2.5-7b,NameIndex,10_Data_First_Retrieval,repetition,300,4,3,7,0.7055,False,baseline_better
ur,qwen2.5-7b,OpenBookQA,2_Question_First,repetition,500,38,39,77,0.9093,False,method_better
ur,qwen2.5-7b,OpenBookQA,3_Options_First,repetition,500,49,86,135,0.0015,True,method_better
ur,qwen2.5-7b,ScriptMixed,8_English_to_RTL,repetition,20,0,7,7,0.0082,True,method_better
