language,model,method,tests,wins,losses
ar,qwen2.5-1.5b,repetition,10,5,1
ar,qwen2.5-3b,repetition,10,8,0
ar,qwen2.5-7b,repetition,10,5,0
fa,qwen2.5-1.5b,repetition,3,1,0
fa,qwen2.5-3b,repetition,3,1,0
fa,qwen2.5-7b,repetition,3,3,0
pa,qwen2.5-1.5b,repetition,10,2,0
pa,qwen2.5-3b,repetition,10,1,2
pa,qwen2.5-7b,repetition,10,1,1
ps,qwen2.5-1.5b,repetition,10,1,0
ps,qwen2.5-3b,repetition,10,3,1
ps,qwen2.5-7b,repetition,10,1,0
sd,qwen2.5-1.5b,repetition,4,3,0
sd,qwen2.5-3b,repetition,4,2,0
sd,qwen2.5-7b,repetition,4,1,1
ur,qwen2.5-1.5b,repetition,10,1,0
ur,qwen2.5-3b,repetition,10,4,0
ur,qwen2.5-7b,repetition,10,4,0
